education,logwage
16.75,2.8450000000000002
15.0,2.4466666666666668
10.0,1.5600000000000001
12.666666666666666,2.0991666666666666
15.0,2.4900000000000002
15.0,2.3308333333333331
15.0,2.186666666666667
13.0,2.2571428571428571
16.666666666666668,2.5533333333333332
11.0,2.3785714285714286
13.0,1.8966666666666665
13.0,2.7108333333333334
12.0,2.4624999999999999
12.0,1.7166666666666668
12.727272727272727,2.5263636363636364
12.0,2.2600000000000002
12.0,2.4891666666666667
12.0,2.8276923076923075
12.0,2.5074999999999998
14.0,2.5483333333333333
11.818181818181818,2.9972727272727271
15.0,2.395
12.0,2.23
12.5,1.7200000000000002
18.0,2.7999999999999998
17.0,3.4199999999999999
13.0,2.1487500000000002
17.0,3.4357142857142859
16.0,2.7981818181818183
14.538461538461538,2.4430769230769234
14.25,2.2375000000000003
18.0,1.8957142857142857
12.0,2.5166666666666666
14.0,2.7036363636363636
14.857142857142858,1.7314285714285713
14.666666666666666,2.6341666666666668
11.0,2.3225000000000002
13.555555555555555,2.3233333333333333
13.0,1.9000000000000001
13.0,2.7925
15.4,2.6879999999999997
11.0,2.6745454545454548
12.0,2.201111111111111
14.833333333333334,2.375
11.0,2.0640000000000001
12.0,1.6100000000000001
12.0,2.2772727272727273
12.0,1.9373333333333334
9.0,1.76
15.666666666666666,2.6191666666666666
13.800000000000001,2.5979999999999999
12.384615384615385,2.2684615384615383
14.272727272727273,2.5027272727272729
11.0,2.2492307692307696
12.0,2.2366666666666668
12.0,2.0175000000000001
13.699999999999999,2.117
14.125,2.4162499999999998
16.0,3.0590909090909091
14.0,2.8260000000000001
16.181818181818183,2.8845454545454547
15.5,2.4299999999999997
14.454545454545455,2.2136363636363638
12.0,2.4900000000000002
14.818181818181818,2.9199999999999999
13.222222222222221,1.9788888888888887
9.0,2.2450000000000001
15.0,2.5511111111111111
12.0,2.7776923076923077
14.5,2.57125
13.625,2.7625000000000002
15.0,3.2890909090909091
15.0,2.2749999999999999
12.888888888888889,2.0788888888888888
12.0,1.9475
10.0,1.7157142857142857
14.0,2.387777777777778
9.0,1.8357142857142856
12.0,2.491333333333333
16.0,2.5600000000000001
11.0,1.8250000000000002
12.0,1.6200000000000001
12.0,2.3566666666666669
13.846153846153847,2.7361538461538464
12.0,2.4430000000000001
12.0,1.909
15.0,2.9076923076923076
12.0,2.0759999999999996
13.0,2.503076923076923
12.222222222222221,2.2466666666666666
12.0,1.96
12.0,2.2766666666666664
9.0,2.2725
12.0,2.1579999999999999
12.0,2.8226666666666671
12.0,2.4035714285714285
11.0,2.2599999999999998
11.0,2.1742857142857139
15.0,2.1918181818181819
12.0,2.0989999999999998
12.0,2.8512499999999998
12.0,2.8214285714285716
14.0,2.2749999999999999
15.0,2.9671428571428571
14.75,2.4808333333333334
12.0,3.0409999999999999
12.0,2.7424999999999997
15.0,2.2866666666666666
12.0,2.3169230769230769
12.0,2.3776923076923078
11.0,2.54
15.0,2.5975000000000001
15.0,2.9036363636363638
12.0,1.7675000000000001
15.0,2.4584615384615387
13.625,2.4437500000000001
14.0,2.0366666666666666
10.0,2.4499999999999997
12.0,2.8546153846153848
11.928571428571429,2.4407142857142858
11.928571428571429,2.6621428571428574
16.0,2.5645454545454545
12.0,2.5666666666666669
13.0,2.1749999999999998
12.0,2.4076923076923076
12.0,2.4040000000000004
18.545454545454547,2.4963636363636366
18.0,2.4399999999999999
12.0,3.023076923076923
12.0,1.9933333333333332
11.933333333333334,1.7913333333333334
12.0,2.4881818181818183
12.0,2.2990909090909089
11.923076923076923,2.476923076923077
12.0,2.2745454545454544
14.0,1.9957142857142856
15.0,2.754
12.0,1.78125
12.0,2.3824999999999998
11.909090909090908,2.0872727272727274
11.833333333333334,2.2116666666666664
15.444444444444445,2.4700000000000002
15.0,2.2077777777777778
15.0,2.6699999999999999
12.0,2.1178571428571429
13.0,2.1313333333333331
14.538461538461538,2.4084615384615384
11.0,1.76
10.0,1.9399999999999999
9.0,1.8266666666666669
12.0,2.2974999999999999
16.818181818181817,2.479090909090909
18.0,3.8719999999999999
17.0,2.4100000000000001
12.0,2.4121428571428569
11.0,1.9066666666666667
12.0,2.3085714285714287
11.0,1.6499999999999999
14.0,2.7022222222222223
13.199999999999999,2.262
12.0,2.3725000000000001
12.0,2.5316666666666667
12.0,2.833076923076923
12.0,2.1711111111111112
11.0,1.6699999999999999
12.25,2.2000000000000002
14.0,2.6339999999999999
13.0,2.5899999999999999
12.0,3.0379999999999998
9.0,1.5900000000000001
10.0,1.6475
12.25,2.5549999999999997
10.0,1.9957142857142856
12.0,2.3164285714285713
12.375,2.8187500000000001
11.0,2.4516666666666667
12.0,1.9028571428571428
16.0,2.3199999999999998
15.0,3.007857142857143
15.428571428571429,2.71
12.0,1.7870000000000001
17.0,2.1342857142857143
12.777777777777779,2.0377777777777779
12.0,2.5870000000000002
12.0,1.6119999999999999
12.0,1.9300000000000002
12.0,1.9788888888888887
16.399999999999999,2.121
17.666666666666668,2.6933333333333334
11.0,1.9099999999999999
12.0,2.2000000000000002
12.0,2.4733333333333332
10.0,2.145
11.875,2.4849999999999999
12.0,2.5449999999999999
12.0,2.3363636363636364
10.0,2.0366666666666666
12.0,2.2725
12.0,2.0609999999999999
12.307692307692308,2.4630769230769229
11.923076923076923,2.1276923076923078
10.0,2.13375
15.0,2.9377777777777778
12.0,2.5014285714285718
16.0,2.8699999999999997
17.0,2.1600000000000001
17.0,2.6600000000000001
12.0,2.5900000000000003
15.300000000000001,2.097
12.75,2.0716666666666668
12.0,2.1012499999999998
12.0,1.4910000000000001
12.0,2.976923076923077
12.0,0.58999999999999997
16.0,2.7200000000000002
12.0,2.1124999999999998
12.0,2.831818181818182
9.0,1.71
9.0,1.0449999999999999
12.777777777777779,2.4944444444444445
10.0,1.28
15.0,1.9455555555555553
12.0,2.0509090909090912
11.0,1.4033333333333333
11.75,1.8525
12.0,2.5023076923076926
12.0,2.1358333333333333
11.0,2.2891666666666666
12.0,2.1016666666666666
12.0,3.061666666666667
13.636363636363637,2.5563636363636366
12.0,2.5909090909090908
12.0,2.2991666666666668
12.0,2.7250000000000001
11.0,1.74
11.857142857142858,1.7671428571428571
12.0,2.3500000000000001
12.0,3.0233333333333334
15.0,2.7233333333333332
12.0,2.4016666666666668
12.0,1.246
12.0,1.9966666666666668
12.0,2.1699999999999999
9.0,2.1124999999999998
12.0,2.0185714285714282
12.0,2.395
12.545454545454545,1.5781818181818181
15.0,2.8383333333333334
14.571428571428571,2.922857142857143
15.0,2.4524999999999997
12.0,2.3372727272727274
12.0,1.8983333333333332
12.0,2.3300000000000001
12.0,2.4780000000000002
14.777777777777779,2.3855555555555554
12.0,2.75
12.0,1.8275000000000001
15.0,2.7355555555555555
11.888888888888889,2.7255555555555557
11.714285714285714,2.294285714285714
12.0,2.3999999999999999
11.9,2.2120000000000002
14.75,2.6375000000000002
18.0,2.98875
19.454545454545453,1.9309090909090907
12.0,2.1200000000000001
14.375,2.2962500000000001
12.0,3.3999999999999999
11.833333333333334,1.6983333333333333
15.0,2.0640000000000001
16.125,2.8999999999999999
12.0,1.4350000000000001
12.0,1.4985714285714287
12.0,2.1084615384615386
12.0,2.6371428571428575
12.0,2.4420000000000002
12.0,2.1581818181818182
12.0,1.859
12.0,2.3038461538461537
12.0,2.6407142857142856
13.699999999999999,1.5740000000000001
11.25,1.585
9.0,1.9477777777777778
13.9,2.351
15.0,2.3540000000000001
14.5,2.2487499999999998
14.25,1.6174999999999999
12.0,2.2776923076923077
17.0,2.9971428571428573
12.0,2.6684615384615382
15.0,1.8269230769230769
14.727272727272727,2.1281818181818184
16.0,1.605
14.714285714285714,1.8342857142857143
16.333333333333332,1.8966666666666667
14.699999999999999,2.6280000000000001
10.0,1.9766666666666666
12.0,2.1080000000000001
15.0,2.632857142857143
12.0,2.0899999999999999
12.0,2.9130769230769227
15.0,2.133
15.0,2.8738461538461539
14.0,2.702
12.0,2.1400000000000001
12.0,2.52
12.933333333333334,2.0613333333333332
11.9,2.1710000000000003
13.0,2.4577777777777778
16.363636363636363,2.2118181818181819
15.800000000000001,2.0453333333333332
14.23076923076923,2.183846153846154
13.0,3.0146666666666664
11.625,2.49125
12.0,2.3790909090909094
12.0,2.7157142857142853
11.9,2.1909999999999998
11.818181818181818,2.4490909090909092
12.0,1.9033333333333333
14.0,2.8633333333333333
15.0,2.8650000000000002
15.0,2.6225000000000001
12.0,2.088888888888889
11.916666666666666,2.4591666666666665
12.0,2.5933333333333333
12.0,2.2000000000000002
11.916666666666666,2.3683333333333336
12.0,2.9500000000000002
15.0,2.3716666666666666
12.800000000000001,2.4180000000000001
13.636363636363637,2.1545454545454543
12.0,2.088888888888889
12.0,1.916923076923077
12.0,1.9671428571428571
14.857142857142858,2.0
12.0,3.0074999999999998
14.5,2.7324999999999999
11.923076923076923,2.4146153846153848
12.0,1.6300000000000001
14.0,1.8899999999999999
16.666666666666668,1.6233333333333333
15.0,2.395
9.0,1.46
12.0,1.55
16.0,2.6057142857142854
16.444444444444443,2.7999999999999998
15.0,2.5428571428571431
15.333333333333334,2.3100000000000001
12.0,1.9571428571428571
12.0,2.46
12.0,2.5753333333333335
12.833333333333334,2.2974999999999999
12.0,2.0458333333333334
10.0,1.9530769230769232
12.0,1.8579999999999999
12.0,2.444
11.0,1.8926666666666667
14.0,2.1383333333333332
18.363636363636363,2.7100000000000004
14.454545454545455,3.397272727272727
12.0,2.5619999999999998
12.4,1.9319999999999999
11.0,2.3424999999999998
12.846153846153847,1.9438461538461538
10.0,1.927
12.0,2.1000000000000001
15.0,2.8199999999999998
15.0,2.6163636363636367
15.0,2.5111111111111111
13.6,2.4859999999999998
14.25,2.3075000000000001
12.0,2.3487499999999999
12.0,2.6399999999999997
11.0,1.9199999999999999
15.0,2.1739999999999999
15.0,2.1314285714285712
13.0,2.5825
16.0,1.9799999999999998
16.666666666666668,2.6766666666666663
14.6,2.1269999999999998
12.0,2.4390000000000001
12.0,1.8742857142857143
13.0,1.8414285714285714
10.0,2.0874999999999999
12.0,2.02
12.0,1.7809999999999999
11.0,2.2138461538461538
12.777777777777779,1.9500000000000002
9.0,0.95999999999999996
9.0,2.3583333333333334
12.0,1.6933333333333334
12.0,1.5242857142857142
15.0,1.7549999999999999
12.0,2.4484615384615385
10.9,1.859
12.0,2.4042857142857139
11.0,2.3500000000000001
9.0,1.75
12.0,2.0227272727272729
12.818181818181818,2.6163636363636367
15.0,2.7160000000000002
15.0,2.4850000000000003
11.75,2.0516666666666667
13.0,2.4907692307692311
15.0,2.8319999999999999
11.0,1.4716666666666667
9.0,1.907777777777778
12.0,2.5586666666666669
12.0,2.2618181818181817
12.0,1.8800000000000001
11.9,2.1109999999999998
12.0,2.3281818181818181
12.818181818181818,2.6045454545454545
15.0,2.8275000000000001
15.0,2.0344444444444445
15.0,2.2524999999999999
12.0,2.177
12.0,2.1149999999999998
12.0,2.1199999999999997
12.0,2.4591666666666665
12.0,2.3580000000000001
11.0,2.0172727272727276
9.0,1.6912499999999999
11.909090909090908,2.3372727272727274
12.0,2.0339999999999998
12.0,2.0399999999999996
14.857142857142858,2.5371428571428569
15.0,2.69875
10.0,2.335
10.0,1.8425
10.0,2.21875
15.0,1.7150000000000001
16.545454545454547,1.8318181818181818
13.0,2.1707692307692308
14.6,2.1066666666666665
12.0,2.5211111111111109
16.0,2.9200000000000004
19.800000000000001,2.02
14.222222222222221,2.1666666666666665
12.0,1.7846153846153845
12.636363636363637,2.5563636363636366
17.0,1.71
12.0,2.3866666666666667
11.0,2.3714285714285714
13.0,2.492
10.0,1.9399999999999999
9.6666666666666661,1.95
12.0,1.9969999999999999
11.0,1.9450000000000001
12.0,2.3633333333333337
13.285714285714286,1.8185714285714287
12.0,1.903
11.875,1.77
12.0,2.2424999999999997
18.0,2.8839999999999999
14.909090909090908,2.8136363636363635
13.0,2.7675000000000001
11.75,1.7825
10.0,2.4889999999999999
12.0,2.6433333333333331
12.0,2.1600000000000001
12.0,1.6499999999999999
12.0,2.0533333333333332
12.0,1.7925
9.0,2.5
12.0,2.4955555555555557
12.916666666666666,2.4983333333333335
11.916666666666666,2.2733333333333334
15.666666666666666,2.6666666666666665
12.199999999999999,2.093
12.0,1.5800000000000001
12.333333333333334,1.6833333333333333
12.0,1.9300000000000002
16.0,3.3316666666666666
15.0,3.3869999999999996
15.142857142857142,2.4485714285714288
15.0,2.1983333333333333
9.0,1.4916666666666665
14.0,2.2400000000000002
12.0,2.2240000000000002
15.199999999999999,2.6019999999999999
11.846153846153847,2.1484615384615386
11.785714285714286,2.2164285714285716
12.0,2.3583333333333334
12.0,2.7025000000000001
13.0,2.3669230769230767
12.0,2.6533333333333333
11.0,2.4283333333333332
13.0,2.4699999999999998
11.0,2.1400000000000001
14.0,1.48
10.0,2.1425000000000001
14.333333333333334,1.9400000000000002
16.0,2.9900000000000002
11.666666666666666,2.6099999999999999
10.875,2.6487500000000002
12.6,2.5780000000000003
14.375,2.4350000000000001
12.4,2.202
11.0,2.1675
12.0,2.3399999999999999
12.0,2.2969999999999997
14.800000000000001,2.2399999999999998
15.0,2.1733333333333338
11.0,2.9849999999999999
12.0,2.6200000000000001
12.0,2.2333333333333334
13.142857142857142,2.4728571428571429
10.0,1.0149999999999999
10.0,1.7524999999999999
12.642857142857142,2.7657142857142856
12.0,1.9579999999999997
12.0,2.2329999999999997
11.916666666666666,2.2991666666666668
13.25,2.15625
13.363636363636363,1.7118181818181817
13.0,2.552
13.75,2.6475
11.0,1.907
13.571428571428571,2.27
11.0,1.7566666666666666
12.0,1.8839999999999999
12.4,1.3779999999999999
12.0,2.1727272727272724
12.0,1.9545454545454546
12.0,2.5525000000000002
12.0,1.6375
12.0,1.6245454545454547
12.0,2.52
12.0,1.9344444444444444
12.75,2.4808333333333334
9.0,2.2822222222222219
9.0,2.2016666666666667
14.0,1.8879999999999999
16.0,3.1846153846153844
14.0,2.1522222222222225
15.125,2.1099999999999999
12.0,2.1161538461538463
12.0,2.3344444444444443
12.0,2.3149999999999999
12.0,1.5799999999999998
15.0,2.1833333333333336
12.0,2.0789999999999997
12.0,1.9483333333333333
12.0,2.0
12.0,1.3941666666666668
12.0,1.7285714285714284
12.0,1.8100000000000001
12.0,1.8378571428571429
13.0,2.3100000000000001
13.0,2.6671428571428573
12.0,2.0323076923076924
12.0,2.3300000000000001
12.0,2.2455555555555557
12.0,2.4874999999999998
12.0,0.69999999999999996
12.0,2.6846153846153844
18.0,2.2949999999999999
12.0,2.2716666666666669
12.0,2.6677777777777774
13.0,2.23
11.923076923076923,2.6661538461538461
11.928571428571429,2.3264285714285715
14.909090909090908,2.3718181818181816
13.0,1.8699999999999999
13.0,2.0422222222222222
16.0,2.8450000000000002
13.300000000000001,1.996
12.0,2.2423076923076923
12.375,2.3700000000000001
11.0,2.262
12.0,2.5526666666666666
12.0,2.2985714285714285
12.0,2.2658333333333336
12.0,2.0245454545454544
12.0,2.3325
12.0,1.9858333333333331
13.0,2.5842857142857141
12.0,2.5761538461538462
10.0,1.51
12.0,1.9199999999999999
12.0,2.2588888888888889
13.25,2.1875
9.0,1.655
12.0,2.1749999999999998
12.0,1.8280000000000001
12.0,1.6499999999999999
11.928571428571429,2.3249999999999997
11.0,1.4950000000000001
15.0,2.46
15.0,2.7000000000000002
14.0,2.2311111111111113
18.0,2.9790000000000001
12.0,1.9666666666666666
11.4,1.4199999999999999
12.0,2.0138461538461536
12.666666666666666,2.0399999999999996
11.555555555555555,1.931111111111111
12.0,1.887
15.0,2.7128571428571431
11.5,2.3566666666666669
17.0,1.76
11.0,1.8539999999999999
12.0,1.8999999999999999
12.0,2.1557142857142857
10.0,1.97
17.0,2.7133333333333334
14.0,2.1114285714285717
12.0,2.3374999999999999
16.5,2.2930000000000001
12.0,2.5299999999999998
12.0,2.2850000000000001
13.0,2.2624999999999997
16.0,2.8280000000000003
10.0,1.448
12.0,2.5212499999999998
15.6,2.4590000000000001
12.0,1.8249999999999997
13.333333333333334,1.5866666666666667
12.0,2.5942857142857143
12.0,2.0049999999999999
12.0,1.996
11.0,2.3846666666666665
11.833333333333334,1.9424999999999999
10.0,1.9175
12.0,2.4545454545454546
20.0,3.5299999999999998
14.75,2.5950000000000002
12.0,2.5961538461538463
12.0,2.2946153846153847
12.0,2.9119999999999999
12.0,2.3993333333333333
12.916666666666666,2.4875000000000003
12.0,1.47
15.333333333333334,2.6222222222222218
13.666666666666666,0.94000000000000006
14.5,2.2749999999999999
12.0,2.0209999999999999
9.0,2.29
11.857142857142858,2.6028571428571428
12.0,2.7914285714285714
12.0,2.0550000000000002
14.1,1.7
11.0,2.0699999999999998
14.6,1.4239999999999999
12.0,2.2981818181818183
13.0,2.0044444444444443
11.0,1.657
12.0,2.8669230769230767
15.0,2.1427272727272726
13.0,2.0212500000000002
12.0,2.109285714285714
9.0,1.7150000000000001
11.928571428571429,2.335
11.0,2.0100000000000002
13.0,2.4950000000000001
13.0,1.845
15.0,2.665
12.0,2.2066666666666666
15.0,2.7871428571428569
12.0,2.2713333333333332
12.0,2.1014285714285714
14.888888888888889,2.5377777777777779
12.714285714285714,1.9571428571428571
12.0,2.4050000000000002
15.0,2.4699999999999998
12.0,1.6000000000000001
16.0,3.0066666666666664
15.0,1.768
11.923076923076923,2.3107692307692309
12.0,2.1542857142857144
16.0,2.6320000000000001
15.0,2.5250000000000004
15.0,2.4328571428571428
12.0,2.0883333333333334
12.0,2.4870000000000001
12.0,1.8316666666666668
14.444444444444445,2.3355555555555556
16.0,3.0916666666666668
15.0,2.528
16.0,3.0766666666666667
16.0,2.9516666666666667
13.0,1.855
12.0,1.8711111111111112
9.0,2.1691666666666669
10.0,1.75
13.933333333333334,2.7680000000000002
12.0,2.6950000000000003
9.0,1.8327272727272728
9.0,2.4008333333333334
9.0,1.9849999999999999
13.666666666666666,1.915
9.0,2.0922222222222224
12.0,2.085
14.0,2.3054545454545452
14.5,1.8549999999999998
10.0,2.8349999999999995
12.0,2.1000000000000001
15.0,2.4300000000000002
12.0,2.5192307692307692
11.909090909090908,2.1699999999999999
10.0,2.3272727272727276
13.0,1.5
13.0,2.2799999999999998
12.0,2.2280000000000002
12.0,2.0637500000000002
11.9,2.0579999999999998
11.0,1.4114285714285713
10.0,1.7
10.0,1.865
13.846153846153847,1.9623076923076925
12.0,2.3129999999999997
11.923076923076923,2.4176923076923078
12.0,2.4107142857142856
11.0,1.6966666666666665
12.0,2.8193333333333332
12.0,2.648181818181818
13.0,2.6933333333333334
12.0,1.7
12.0,1.8033333333333335
19.333333333333332,2.6266666666666665
12.0,1.75
15.0,2.2133333333333334
15.0,2.5111111111111111
11.0,1.9009090909090909
12.0,2.3737499999999998
11.0,1.7583333333333335
12.0,2.3500000000000001
12.0,1.4099999999999999
10.0,0.5033333333333333
12.0,1.5683333333333334
14.0,2.4833333333333334
12.0,2.1150000000000002
16.428571428571427,2.2485714285714287
10.0,2.1225000000000001
15.0,1.6799999999999999
15.111111111111111,2.6633333333333331
11.928571428571429,2.7028571428571433
12.0,2.3033333333333332
11.0,2.032
14.0,2.2885714285714287
11.909090909090908,1.9627272727272727
13.0,1.8379999999999999
16.0,2.3066666666666666
16.0,2.6950000000000003
12.0,2.1844444444444444
15.0,2.4069230769230767
11.875,2.3700000000000001
12.0,1.7569230769230768
16.0,2.8875000000000002
12.0,1.9566666666666666
11.75,1.9312500000000001
13.0,2.6823076923076923
12.0,2.5772727272727276
12.0,1.7857142857142858
12.0,2.0984615384615384
12.0,1.9649999999999999
13.0,2.0640000000000001
12.0,2.5566666666666666
12.0,2.04
12.0,2.0055555555555555
14.909090909090908,1.7581818181818181
12.0,1.9249999999999998
12.0,2.3649999999999998
12.0,1.7749999999999999
12.0,2.0772727272727276
11.800000000000001,1.8526666666666667
12.0,2.2285714285714286
12.6,2.8700000000000001
12.0,1.7162500000000001
12.0,2.2736363636363635
14.699999999999999,2.1040000000000001
11.75,1.9099999999999999
11.0,2.52
13.833333333333334,2.4950000000000001
12.0,1.8
11.923076923076923,1.8484615384615386
11.857142857142858,2.0557142857142856
14.0,1.9876923076923076
16.0,2.1212499999999999
14.0,2.621
12.0,1.9810000000000003
12.0,1.51
12.0,1.8919999999999999
12.0,1.4662500000000001
12.0,2.3370000000000002
10.0,2.4071428571428575
12.0,2.125
18.0,2.8149999999999999
10.0,2.2225000000000001
10.0,2.4200000000000004
12.0,2.0581818181818181
9.0,2.5880000000000001
12.0,2.1144444444444446
12.0,1.7016666666666669
15.0,2.4180000000000001
9.0,0.85999999999999999
12.0,2.30125
13.0,2.8619999999999997
15.0,2.645
12.416666666666666,2.4091666666666667
15.714285714285714,2.9471428571428571
12.0,1.9199999999999999
10.0,1.8416666666666668
14.142857142857142,2.3042857142857143
16.0,2.4736363636363636
15.0,2.0870000000000002
12.0,2.3283333333333336
15.5,2.04
15.0,1.2124999999999999
17.0,2.1600000000000001
10.0,1.8557142857142856
9.0,1.395
9.0,1.5199999999999998
10.0,1.25
9.0,2.6909090909090909
13.714285714285714,1.6400000000000001
14.928571428571429,2.9649999999999999
19.0,2.1855555555555553
15.0,1.5049999999999999
14.0,1.2822222222222222
12.0,1.75
14.923076923076923,2.9423076923076925
15.0,2.1200000000000001
12.0,1.5666666666666667
12.0,1.554
12.0,1.9757142857142858
15.0,2.34375
13.0,1.4166666666666667
15.199999999999999,2.2320000000000002
13.0,2.0777777777777775
13.0,2.9700000000000002
10.0,2.23
12.0,2.1438461538461535
12.0,2.2600000000000002
9.0,1.8850000000000002
12.0,1.7855555555555556
14.0,2.0960000000000001
11.714285714285714,2.0271428571428571
13.199999999999999,2.0499999999999998
14.0,2.6141666666666667
14.0,1.2749999999999999
12.0,2.2536363636363634
12.0,1.5566666666666666
12.0,2.4199999999999999
11.0,1.8487499999999999
12.0,2.1899999999999999
15.857142857142858,2.7000000000000002
10.0,2.1309999999999998
12.0,2.1200000000000001
14.923076923076923,2.2653846153846153
13.0,2.1311111111111112
12.0,2.8925000000000001
12.0,1.9379999999999999
13.0,2.605
9.0,1.952
11.0,2.2528571428571427
12.0,2.4993333333333334
10.0,2.0414285714285714
14.75,2.3574999999999999
13.0,2.4807142857142854
13.0,2.6407692307692305
17.0,2.8771428571428572
12.0,2.5657142857142858
12.0,2.2000000000000002
11.916666666666666,1.9208333333333334
15.142857142857142,2.4399999999999999
16.0,2.8033333333333332
15.0,2.7909999999999999
14.333333333333334,2.5416666666666665
14.199999999999999,2.0720000000000001
17.0,2.1899999999999999
9.0,1.9791666666666667
15.0,3.1499999999999999
12.0,2.202
12.0,2.0055555555555555
12.857142857142858,2.8142857142857141
17.0,3.1199999999999997
15.0,2.5066666666666664
16.199999999999999,3.0699999999999998
15.0,2.1324999999999998
15.0,2.3487499999999999
15.0,3.1070000000000002
16.0,2.9066666666666667
11.444444444444445,2.4355555555555557
15.625,2.2949999999999999
12.0,2.5428571428571431
12.0,2.8125
10.0,2.5691666666666668
12.0,2.4545454545454546
15.0,2.6133333333333333
11.0,2.3820000000000001
13.181818181818182,2.5554545454545452
15.0,2.4376923076923078
12.0,2.0342857142857143
12.0,2.2512500000000002
10.0,2.1346153846153846
12.300000000000001,2.4219999999999997
15.333333333333334,2.5099999999999998
13.6,2.3660000000000001
15.0,2.9612500000000002
14.0,2.3785714285714286
12.0,1.27
11.888888888888889,2.8288888888888888
11.857142857142858,2.0757142857142861
10.0,2.1175000000000002
14.0,1.8566666666666667
11.0,2.6399999999999997
11.0,2.3879999999999999
19.636363636363637,2.3781818181818184
13.0,2.0524999999999998
14.0,2.6400000000000001
15.0,3.3544444444444448
13.166666666666666,2.5333333333333332
15.5,2.6466666666666665
12.0,2.4753846153846153
12.818181818181818,2.3527272727272726
12.0,2.4393333333333329
12.0,2.5899999999999999
14.75,3.1749999999999998
13.0,2.9129999999999998
14.727272727272727,2.6172727272727272
15.727272727272727,2.8718181818181816
14.0,2.1014285714285714
14.846153846153847,2.2046153846153844
12.25,2.4416666666666669
13.0,2.7850000000000001
12.0,2.1949999999999998
12.0,2.8692857142857142
12.0,2.3641666666666667
12.0,2.6499999999999999
12.0,2.1949999999999998
12.0,2.1120000000000001
13.0,3.0649999999999999
15.0,3.0044444444444443
12.0,1.905
14.0,2.1257142857142859
15.0,2.859
15.0,2.8725000000000001
14.0,1.6039999999999999
12.0,2.5526666666666666
12.0,3.1062500000000002
11.923076923076923,1.6776923076923076
12.0,1.9966666666666666
15.0,2.7599999999999998
16.571428571428573,2.8407142857142853
12.0,2.7466666666666666
14.5,2.3199999999999998
13.0,2.7273333333333332
15.0,2.508
16.5,2.5550000000000002
12.0,2.1299999999999999
15.0,2.5683333333333334
12.0,1.6837500000000001
15.0,2.5940000000000003
14.222222222222221,2.0777777777777775
14.0,1.832857142857143
15.0,2.42875
15.0,3.2912499999999998
17.600000000000001,3.476
17.0,3.786
20.0,2.7557142857142858
20.0,3.1999999999999997
16.916666666666668,2.8691666666666666
18.0,4.2650000000000006
15.0,2.5316666666666667
18.75,2.8487499999999999
12.0,2.705714285714286
11.0,2.1954545454545453
12.0,2.2078571428571427
12.0,2.503333333333333
12.0,2.5033333333333334
11.9,2.0169999999999999
12.0,2.2506666666666666
13.428571428571429,2.7821428571428575
12.0,2.5244444444444443
12.0,2.0724999999999998
12.0,2.2124999999999999
13.0,1.74
13.363636363636363,2.2163636363636363
12.0,1.9799999999999998
17.0,2.9362499999999998
14.666666666666666,2.7466666666666666
19.0,2.5299999999999998
10.0,2.2974999999999999
12.0,2.3923076923076922
12.0,2.0619999999999998
18.0,2.3062499999999999
12.0,2.0299999999999998
12.0,2.1899999999999999
12.0,2.4171428571428573
19.666666666666668,1.8366666666666667
17.0,2.1099999999999999
15.0,3.0962499999999999
11.0,2.3525
12.0,1.5366666666666668
9.0,2.1400000000000001
15.0,2.637777777777778
12.0,2.8049999999999997
12.0,2.6683333333333334
13.0,2.2225000000000001
11.846153846153847,2.6107692307692307
12.0,2.2688888888888892
14.6,2.0859999999999999
15.9,2.6629999999999998
15.928571428571429,2.6221428571428573
9.0,1.71
9.0,1.8014285714285714
10.0,1.6666666666666667
11.0,2.4609090909090909
12.0,1.7549999999999999
12.0,1.2749999999999999
12.0,2.5549999999999997
10.0,2.0671428571428572
12.0,1.4199999999999999
12.0,2.2075
11.909090909090908,1.8918181818181816
14.0,1.6157142857142859
13.0,1.7433333333333334
12.0,2.0099999999999998
12.0,2.2424999999999997
13.0,2.7509090909090905
16.0,2.6160000000000001
15.0,2.8885714285714283
13.76923076923077,2.367692307692308
11.928571428571429,2.5549999999999997
14.428571428571429,3.0942857142857143
12.090909090909092,2.1536363636363638
12.0,2.6223076923076927
16.777777777777779,1.961111111111111
14.272727272727273,2.0218181818181815
10.5,1.9350000000000001
12.0,2.6566666666666667
12.0,2.8963636363636365
12.0,2.9530769230769232
11.933333333333334,2.3333333333333335
12.0,2.5750000000000002
14.625,2.6487500000000002
12.875,2.4050000000000002
16.0,2.8574999999999999
14.0,2.6000000000000001
13.0,2.5074999999999998
12.0,2.5188888888888892
15.0,3.0837500000000002
11.0,2.3183333333333334
15.0,2.1550000000000002
12.0,2.5300000000000002
12.0,2.8935714285714282
12.0,1.9885714285714287
13.071428571428571,2.6514285714285712
14.428571428571429,2.0228571428571427
15.0,2.7214285714285715
14.625,2.335
14.800000000000001,2.0733333333333333
12.0,2.6285714285714286
14.533333333333333,2.738
11.800000000000001,2.6599999999999997
11.800000000000001,2.9293333333333331
12.0,2.6236363636363635
12.0,2.7714285714285714
13.0,2.6754545454545453
12.0,1.7919999999999998
9.0,1.9175
12.625,2.52
12.0,2.4699999999999998
12.0,2.563333333333333
12.0,2.9136363636363636
12.0,2.4933333333333332
12.0,2.7959999999999998
12.0,2.6355555555555554
11.0,2.563333333333333
12.0,2.1288888888888891
12.0,2.3163636363636364
12.0,2.3999999999999999
15.875,2.4350000000000001
14.857142857142858,2.6257142857142854
12.0,2.3854545454545457
13.0,2.5877777777777777
14.333333333333334,2.5333333333333332
15.0,2.3733333333333331
13.0,2.8885714285714283
15.0,2.7133333333333334
11.818181818181818,2.5490909090909089
12.0,2.0566666666666666
12.0,2.0054545454545454
12.0,1.88375
12.0,2.0655555555555556
12.0,2.5524999999999998
12.0,2.3700000000000001
12.0,2.4340000000000002
9.0,1.8850000000000002
12.0,2.7613333333333334
12.0,2.2222222222222223
12.0,2.2142857142857144
15.0,3.1100000000000003
15.333333333333334,2.6144444444444446
16.0,2.8340000000000001
15.0,3.0844444444444443
13.9,2.5800000000000001
15.6,2.214
12.0,2.5780000000000003
12.444444444444445,1.8966666666666667
12.0,2.7406666666666668
11.0,2.2349999999999999
12.0,2.4742857142857142
12.0,2.0499999999999998
12.0,2.722
12.0,2.2857142857142856
12.0,2.7476923076923074
12.0,2.7753333333333337
11.76923076923077,2.180769230769231
10.0,1.1733333333333333
15.0,2.7050000000000001
12.0,1.2250000000000001
12.0,1.8918181818181816
10.0,1.8500000000000001
14.428571428571429,2.3157142857142858
13.666666666666666,1.45
11.888888888888889,1.901111111111111
12.0,2.3007692307692307
12.0,1.9449999999999998
14.222222222222221,2.3033333333333332
10.0,1.8466666666666665
9.0,1.2725
9.0,2.2599999999999998
12.0,1.6314285714285715
16.0,2.335
12.0,3.3240000000000003
10.0,2.9466666666666668
15.0,1.9566666666666663
11.0,1.03
12.0,1.6100000000000001
12.0,2.2766666666666668
18.0,2.9683333333333333
15.0,2.6518181818181819
16.0,2.4866666666666668
14.384615384615385,2.2338461538461538
15.0,2.9969999999999999
14.846153846153847,2.2138461538461538
20.0,2.3100000000000001
17.0,2.6899999999999999
9.0,2.1477777777777778
11.0,2.3666666666666667
13.0,2.4621428571428572
14.928571428571429,3.0364285714285715
12.0,2.6800000000000002
15.0,2.5800000000000001
12.0,2.52
12.0,2.6680000000000001
12.0,2.0249999999999999
10.0,1.268
12.0,1.6519999999999999
13.0,1.7075
11.888888888888889,2.2055555555555557
14.545454545454545,2.7136363636363638
15.0,2.0842857142857141
13.0,2.3966666666666669
10.0,1.8842857142857141
12.0,1.7184615384615385
9.0,1.8981818181818182
17.0,2.605
12.0,1.4914285714285713
12.0,1.3100000000000001
11.909090909090908,2.2381818181818183
12.0,2.6286666666666667
10.0,1.8400000000000001
11.0,2.0699999999999998
14.0,2.7919999999999998
12.0,2.1724999999999999
12.0,1.952
15.727272727272727,2.2181818181818183
12.0,2.5842857142857141
12.0,2.5219999999999998
16.625,2.2524999999999999
15.0,2.0116666666666667
12.888888888888889,2.0911111111111111
14.181818181818182,1.9509090909090909
15.0,2.6719999999999997
15.0,1.9100000000000001
12.0,2.1153333333333335
11.0,1.895
11.923076923076923,2.0215384615384617
11.833333333333334,2.3583333333333334
9.0,1.8171428571428569
12.0,1.8050000000000002
12.357142857142858,2.0828571428571427
12.0,1.7250000000000001
12.0,3.0321428571428575
12.0,2.4820000000000002
18.0,2.9460000000000002
12.0,2.0789999999999997
14.0,2.3712499999999999
17.0,2.3611111111111112
14.428571428571429,2.2842857142857143
12.875,2.4125000000000001
16.0,1.8160000000000001
16.727272727272727,2.3072727272727271
12.5,1.7949999999999999
13.0,2.3200000000000003
14.0,2.2208333333333332
19.0,2.0166666666666666
18.0,2.8887499999999999
15.0,2.8444444444444446
16.0,2.4233333333333333
14.0,1.31125
14.0,1.6799999999999999
9.0,1.825
15.0,2.5308333333333333
12.727272727272727,2.0227272727272729
15.0,3.1266666666666669
14.444444444444445,2.1966666666666668
20.0,1.9099999999999999
11.0,2.0449999999999999
16.0,2.9371428571428573
14.444444444444445,2.4533333333333331
15.0,2.0940000000000003
19.0,3.2050000000000001
16.0,2.976
15.0,2.1342857142857143
14.833333333333334,2.4033333333333333
16.800000000000001,2.044
11.0,1.8083333333333333
12.0,2.2946153846153847
13.4,1.7440000000000002
15.0,1.7333333333333332
13.0,2.0833333333333335
16.0,1.9316666666666666
16.0,2.3166666666666669
12.0,2.2266666666666666
13.692307692307692,2.5984615384615384
15.0,3.2862499999999999
14.6,2.254
12.0,2.4933333333333336
10.0,1.8266666666666664
15.0,2.8929999999999998
12.0,1.9372727272727273
12.0,2.5033333333333334
12.0,1.4299999999999999
10.0,2.4616666666666664
12.0,2.6540000000000004
11.833333333333334,1.9883333333333333
11.0,1.1539999999999999
11.0,2.1120000000000001
11.833333333333334,1.9783333333333333
9.0,1.9927272727272725
12.0,2.2025000000000001
12.0,2.3371428571428572
12.0,2.5524999999999998
9.0,2.5474999999999999
12.0,2.2749999999999999
9.0,2.1557142857142857
11.0,2.5977777777777775
13.0,2.2788888888888885
17.0,2.9199999999999999
15.0,2.4371428571428568
15.375,2.625
17.0,2.528
9.0,1.92875
12.0,2.6012499999999998
12.0,2.1122222222222224
12.0,2.157142857142857
16.0,2.3174999999999999
15.0,2.54
13.0,3.2166666666666668
12.0,2.073
9.0,2.2600000000000002
12.0,2.0612499999999998
12.0,2.1139999999999999
11.0,2.0963636363636362
14.5,2.2950000000000004
12.0,1.837142857142857
11.76923076923077,2.2646153846153849
9.0,1.8033333333333335
16.0,2.75
12.714285714285714,2.0964285714285715
12.0,2.206
13.0,2.0500000000000003
12.0,1.923
9.0,1.8242857142857143
9.0,2.0021428571428572
10.0,2.0818181818181816
12.0,1.6299999999999999
11.0,2.2933333333333334
10.0,1.9542857142857142
11.928571428571429,2.5300000000000002
12.0,2.0287500000000001
15.0,2.8455555555555554
12.0,1.8007692307692307
15.0,2.5187499999999998
14.0,2.4500000000000002
12.0,1.7155555555555555
15.0,2.4016666666666668
12.0,1.5733333333333333
11.333333333333334,2.0800000000000001
10.0,2.5753846153846149
12.0,1.818888888888889
12.0,2.2207692307692311
11.583333333333334,2.2791666666666668
12.0,2.2690000000000001
11.5,1.605
12.909090909090908,2.583636363636364
12.545454545454545,2.519090909090909
13.333333333333334,2.2624999999999997
12.777777777777779,2.6455555555555552
13.0,1.8342857142857143
10.0,1.7825
11.0,2.2016666666666667
12.0,2.460666666666667
11.0,2.7439999999999998
14.0,2.4571428571428569
15.0,2.1524999999999999
20.0,2.6600000000000001
12.0,2.4821428571428572
13.857142857142858,2.3435714285714289
15.0,2.7774999999999999
11.285714285714286,2.2785714285714289
11.9,1.952
13.416666666666666,2.4583333333333335
15.0,2.3566666666666669
13.909090909090908,2.7154545454545453
11.928571428571429,2.6228571428571428
11.5,1.5
10.0,2.6664285714285714
13.375,2.2562500000000001
12.0,2.48
15.0,1.97875
11.0,1.9445454545454546
11.0,2.2507142857142859
11.857142857142858,1.4271428571428573
11.0,2.1944444444444446
11.714285714285714,1.9542857142857142
11.923076923076923,2.1084615384615386
11.199999999999999,2.2000000000000002
11.0,2.3514285714285714
16.0,2.2174999999999998
15.0,1.8999999999999999
12.0,2.5249999999999999
14.833333333333334,2.2008333333333332
15.0,2.9866666666666668
13.0,2.5744444444444445
12.0,2.6324999999999998
11.0,1.4314285714285713
13.0,2.0099999999999998
12.0,1.8299999999999998
11.0,2.2787500000000001
12.0,3.222142857142857
13.0,2.6439999999999997
16.428571428571427,2.152857142857143
12.0,2.181111111111111
12.0,2.7039999999999997
12.0,2.5500000000000003
12.0,2.6350000000000002
11.0,2.4630769230769229
9.0,2.1166666666666667
12.1,2.0829999999999997
17.0,1.8966666666666667
15.333333333333334,2.5288888888888885
15.0,1.8499999999999999
12.0,2.2085714285714286
13.888888888888889,1.9500000000000002
14.818181818181818,2.6718181818181819
11.0,2.9975000000000001
15.333333333333334,1.6733333333333331
13.0,2.5342857142857147
12.0,1.9039999999999999
10.909090909090908,2.4881818181818183
14.222222222222221,2.3599999999999999
14.0,3.1141666666666663
10.0,1.6966666666666665
12.0,2.5975000000000001
13.0,2.4340000000000002
11.0,1.8999999999999997
19.0,3.1099999999999999
13.0,2.6499999999999999
10.0,2.2399999999999998
13.0,1.91625
10.0,1.9739999999999998
9.0,1.6899999999999999
15.9,2.6120000000000001
13.0,2.4016666666666668
13.0,2.6360000000000001
13.0,2.7069999999999999
16.0,2.6800000000000002
13.0,2.7550000000000003
14.454545454545455,2.4081818181818182
13.428571428571429,2.2628571428571429
11.888888888888889,2.2744444444444443
12.0,1.7654545454545454
16.0,2.8285714285714287
15.0,3.1208333333333336
14.0,2.3100000000000001
16.0,2.294285714285714
11.0,3.0150000000000001
12.0,2.3725000000000001
14.571428571428571,2.6200000000000001
13.0,1.73
15.0,1.86375
14.0,1.6100000000000001
16.0,1.5
12.0,2.3340000000000001
12.0,2.7278571428571428
13.0,1.9475
12.0,2.6009090909090911
12.0,2.3312499999999998
11.75,2.2625000000000002
12.0,1.98
12.142857142857142,2.27
12.0,2.422857142857143
9.0,1.28
12.0,2.6680000000000001
11.9,2.5179999999999998
13.0,1.3566666666666667
15.0,2.347142857142857
14.888888888888889,2.6399999999999997
12.0,2.0899999999999999
11.0,1.8883333333333334
15.0,3.194
11.857142857142858,2.9157142857142859
11.714285714285714,1.8057142857142858
11.571428571428571,2.3957142857142855
11.785714285714286,2.6864285714285714
12.0,2.4773333333333332
13.75,1.72
13.090909090909092,2.3963636363636365
10.0,1.8100000000000001
13.0,2.6400000000000001
11.923076923076923,2.597692307692308
14.0,2.3799999999999999
15.0,2.4449999999999998
12.833333333333334,1.51
15.0,2.8063636363636366
13.454545454545455,2.1027272727272726
12.0,2.30125
12.0,2.29
12.0,2.448
12.0,2.1899999999999999
13.0,2.6579999999999999
16.0,3.0116666666666667
15.0,3.2666666666666671
15.0,2.5383333333333336
13.833333333333334,2.9416666666666664
12.0,2.8985714285714286
13.0,2.8937499999999998
13.0,2.1433333333333331
12.0,2.7920000000000003
15.0,2.129
12.0,2.1193333333333331
12.0,2.8849999999999998
12.0,2.802
16.0,2.8849999999999998
12.0,1.8875
12.5,2.0
11.0,2.1800000000000002
12.0,1.5349999999999999
9.0,1.7350000000000001
12.23076923076923,2.4961538461538462
12.0,2.3500000000000001
12.0,1.9724999999999999
10.0,2.2878571428571428
12.0,2.0487500000000001
12.0,2.3500000000000001
12.0,2.496666666666667
16.600000000000001,1.9260000000000002
11.0,2.4159999999999999
12.0,1.9866666666666666
15.866666666666667,2.2120000000000002
12.0,1.94625
12.0,2.836153846153846
12.0,1.7414285714285715
10.0,1.0700000000000001
9.0,1.4649999999999999
12.0,2.3808333333333334
12.0,2.7116666666666664
12.0,2.4013333333333335
15.0,2.6060000000000003
14.0,2.9350000000000001
12.384615384615385,1.9707692307692308
12.0,2.4300000000000002
12.0,2.323
12.333333333333334,2.1800000000000002
15.0,2.8759999999999999
12.0,1.8711111111111112
11.5,2.4849999999999999
12.0,2.0462500000000001
13.166666666666666,2.2408333333333332
14.125,2.1850000000000001
15.4,3.2340000000000004
15.5,1.9983333333333333
13.0,2.6283333333333334
10.0,2.0287500000000001
15.0,1.625
12.0,1.7749999999999999
13.0,2.2960000000000003
12.0,2.9119999999999999
12.0,2.0081818181818183
12.0,1.7871428571428571
13.0,1.6299999999999999
14.0,2.7609090909090912
15.25,1.95625
12.0,2.4428571428571431
14.0,2.3860000000000001
12.0,1.7649999999999999
12.0,2.3079999999999998
12.0,2.1971428571428571
14.0,2.1763636363636363
15.0,2.7042857142857142
15.0,2.1637499999999998
15.0,2.5600000000000001
14.800000000000001,2.8540000000000001
14.181818181818182,2.5763636363636362
12.0,1.6183333333333334
12.0,1.8936363636363636
11.0,2.165
11.0,1.9416666666666667
12.0,2.2629999999999999
12.0,2.1499999999999999
15.0,2.5299999999999998
12.0,1.6854545454545453
12.0,2.1875
12.0,1.95875
12.0,2.097142857142857
16.875,3.1825000000000001
9.0,1.5633333333333335
12.0,2.2866666666666666
12.0,2.023076923076923
16.0,2.1733333333333333
12.0,1.7674999999999998
15.0,2.0833333333333335
12.0,2.3733333333333335
10.0,2.2799999999999998
11.76923076923077,2.4492307692307693
11.923076923076923,1.8438461538461537
11.9,1.8
10.0,1.9275
12.0,2.8146666666666667
15.0,2.1487499999999997
14.833333333333334,2.1499999999999999
17.5,2.6433333333333331
15.5,2.6299999999999999
19.0,2.5325000000000002
12.0,2.6429999999999998
15.428571428571429,2.3114285714285714
19.0,2.0800000000000001
12.909090909090908,2.1009090909090911
13.0,3.1061538461538465
15.0,2.6699999999999999
15.0,3.0125000000000002
16.0,2.3275000000000001
12.800000000000001,2.3620000000000001
12.0,2.4235714285714285
11.5,1.8300000000000001
15.0,3.1357142857142857
15.0,2.23
14.0,1.7650000000000001
12.0,2.8533333333333331
11.928571428571429,2.21
16.0,2.8999999999999999
12.0,2.4655555555555555
11.888888888888889,2.54
11.0,1.845
14.714285714285714,2.7000000000000002
13.25,1.7475000000000001
15.125,2.3624999999999998
13.0,1.542
12.0,2.1724999999999999
12.0,2.588888888888889
12.0,2.3125
11.75,2.1199999999999997
10.0,2.23
12.0,2.2799999999999998
12.0,1.2662500000000001
10.0,1.5760000000000001
9.0,1.512
12.0,2.2349999999999999
11.0,1.7485714285714287
12.0,2.8969230769230765
12.0,2.7415384615384615
12.0,1.8899999999999999
11.0,2.569230769230769
12.0,2.6466666666666665
12.0,2.2599999999999998
15.0,2.9283333333333332
12.0,3.0092307692307689
14.0,0.95500000000000007
18.666666666666668,2.0933333333333333
12.545454545454545,1.9254545454545455
13.0,1.8999999999999999
12.0,2.0033333333333334
10.0,2.4261538461538459
12.0,2.1766666666666663
13.0,1.29
12.0,1.97
12.0,1.9100000000000001
12.0,1.5066666666666666
12.0,2.4371428571428568
14.5,2.6475
12.0,1.9666666666666668
12.0,1.5720000000000001
12.125,2.1200000000000001
12.0,1.046
9.0,1.9712499999999999
12.0,1.6949999999999998
14.0,2.4473333333333334
12.0,2.2214285714285715
15.666666666666666,2.6008333333333336
12.0,2.4085714285714284
12.9,2.1789999999999998
11.888888888888889,1.71
12.0,1.95875
12.0,2.3122222222222222
15.0,2.8200000000000003
15.0,1.96
14.0,2.1253846153846152
12.0,2.1757142857142857
16.0,2.2850000000000001
12.0,1.927
11.875,2.3050000000000002
14.0,2.3742857142857146
12.333333333333334,2.2399999999999998
12.0,2.181
10.0,1.9600000000000002
9.0,2.1166666666666667
12.0,2.3611111111111112
12.0,2.1533333333333333
9.0,2.0625
12.0,2.1000000000000001
11.9,2.258
12.0,1.76
11.0,1.8387500000000001
12.0,2.3690909090909091
9.0,0.23999999999999999
11.875,1.9012500000000001
12.0,2.4436363636363634
13.333333333333334,1.8433333333333335
15.0,2.3899999999999997
9.0,1.7833333333333332
12.0,0.82777777777777783
12.0,2.311666666666667
10.0,1.74
12.0,2.2676923076923079
14.800000000000001,2.843
12.0,2.1073333333333335
12.0,2.0362499999999999
12.0,1.5633333333333335
14.625,2.5237500000000002
16.0,2.2177777777777781
16.0,1.7383333333333333
14.642857142857142,2.242142857142857
11.923076923076923,2.0738461538461541
12.916666666666666,2.3000000000000003
14.0,2.9771428571428573
13.0,1.9342857142857142
15.0,2.6739999999999999
12.0,1.7042857142857142
12.0,2.1757142857142857
12.0,1.827142857142857
11.9,2.4910000000000001
12.0,1.7153333333333334
15.0,1.885
10.0,2.5366666666666671
10.0,2.3289999999999997
11.818181818181818,1.9436363636363636
12.0,2.0720000000000001
15.0,2.2372727272727273
12.0,2.2030000000000003
12.0,1.885
12.199999999999999,2.2400000000000002
11.800000000000001,1.7266666666666668
12.0,2.157777777777778
12.0,1.7400000000000002
14.0,2.2299999999999995
12.0,2.0766666666666667
16.0,1.8516666666666666
16.0,1.8174999999999999
11.909090909090908,2.0154545454545456
14.199999999999999,2.073
11.666666666666666,1.4633333333333332
10.0,2.2524999999999999
12.0,2.7160000000000002
12.0,2.3027272727272727
11.800000000000001,1.8480000000000001
9.0,2.347
15.166666666666666,2.2233333333333332
12.0,0.95000000000000007
12.0,1.0377777777777777
14.76923076923077,1.5353846153846153
14.5,1.6699999999999999
12.0,1.7989999999999999
12.0,2.657
15.6,2.1653333333333333
13.846153846153847,2.0692307692307694
14.800000000000001,1.732
12.0,2.1899999999999999
12.0,1.9208333333333332
14.785714285714286,2.367142857142857
15.0,2.7075
11.75,1.45
13.0,1.6399999999999999
12.0,1.7433333333333334
9.0,1.135
12.0,2.2908333333333331
12.0,2.2250000000000001
9.0,2.1099999999999999
12.0,1.95
12.0,1.9425000000000001
11.0,1.4833333333333334
12.0,2.6233333333333331
12.0,1.5555555555555556
12.0,1.9218181818181819
12.0,2.4737499999999999
13.0,2.0133333333333332
12.0,2.0140000000000002
14.199999999999999,2.2250000000000001
11.0,1.9259999999999997
15.0,2.7629999999999999
12.0,1.8300000000000001
9.0,1.9407692307692308
11.928571428571429,1.772142857142857
9.0,1.6909090909090911
10.0,2.2771428571428571
12.0,2.6040000000000001
10.0,1.8799999999999999
13.0,2.2433333333333336
12.0,1.739090909090909
15.375,2.3537500000000002
10.0,1.974
9.0,2.0483333333333333
12.0,1.911111111111111
16.0,2.3177777777777777
12.0,2.1953846153846155
12.0,2.3136363636363635
9.0,2.0377777777777779
12.0,1.7572727272727271
12.0,2.3925000000000001
12.0,2.080909090909091
9.0,2.1563636363636363
15.0,2.1637499999999998
16.181818181818183,2.2009090909090911
12.0,2.0622222222222222
15.0,2.5123076923076919
9.0,1.5150000000000001
9.0,1.7
9.0,1.8683333333333334
11.9,1.198
13.0,1.6416666666666666
14.571428571428571,1.8385714285714287
19.0,3.2088888888888887
11.0,2.2974999999999999
10.0,2.0100000000000002
13.0,2.4575
15.888888888888889,3.2233333333333336
15.222222222222221,2.4411111111111108
12.0,2.6219999999999999
14.909090909090908,2.0109090909090912
15.0,2.5907692307692307
19.0,4.0600000000000005
12.0,3.0444444444444443
12.0,2.0140000000000002
12.0,2.242
12.0,2.7600000000000002
13.0,2.0628571428571427
13.0,2.2188888888888889
15.0,1.9650000000000001
11.0,1.97
9.0,1.7775000000000001
12.0,2.4978571428571428
13.0,2.7961538461538464
12.0,2.6320000000000001
12.466666666666667,2.4173333333333331
11.0,2.4928571428571429
11.909090909090908,2.0654545454545454
12.0,2.5379999999999998
9.0,1.8080000000000003
15.0,2.4474999999999998
12.0,2.117
11.0,2.1318181818181818
12.0,2.3444444444444446
12.0,2.4977777777777779
9.0,1.6000000000000001
11.0,2.6033333333333331
12.0,2.3799999999999999
11.800000000000001,2.3626666666666667
14.888888888888889,2.4844444444444442
15.0,2.6999999999999997
10.0,2.9100000000000001
9.0,2.2107692307692308
14.0,1.915
11.0,1.6414285714285715
9.0,2.117
15.0,3.0583333333333336
14.25,2.11375
12.0,2.4812500000000002
12.0,2.105
12.0,2.1924999999999999
15.0,1.8399999999999999
13.699999999999999,1.9609999999999999
11.933333333333334,1.8693333333333333
12.0,2.198
11.0,1.4824999999999999
10.0,1.0966666666666667
12.0,2.5812499999999998
12.0,1.4550000000000001
14.642857142857142,2.2285714285714286
9.0,1.9199999999999999
12.0,2.3533333333333331
16.0,1.8966666666666667
12.0,2.153
12.0,1.9649999999999999
12.0,1.6033333333333333
13.0,2.2733333333333334
12.0,1.9700000000000002
12.0,1.784
11.833333333333334,2.3799999999999999
12.0,2.5046153846153847
12.0,2.1775000000000002
12.0,1.3799999999999999
14.0,2.2050000000000001
14.666666666666666,2.8711111111111109
10.0,2.4849999999999999
12.0,2.4116666666666666
10.0,2.1471428571428572
9.0,1.6000000000000001
12.0,2.1549999999999998
10.0,1.8690909090909089
12.0,2.358571428571429
16.25,3.0774999999999997
12.5,2.5750000000000002
10.0,2.0099999999999998
12.0,2.5299999999999998
13.0,0.91000000000000003
15.0,2.4750000000000001
12.0,2.2157142857142857
13.5,1.9983333333333333
12.0,2.4925000000000002
12.0,2.0575000000000001
12.0,1.75
12.0,2.0910000000000002
11.928571428571429,2.5485714285714285
13.0,2.4107692307692306
9.0,2.1457142857142855
9.0,1.8600000000000001
11.0,1.9199999999999999
12.0,2.1280000000000001
9.0,1.9069230769230769
12.0,1.9158333333333335
16.777777777777779,1.6366666666666667
13.846153846153847,2.8199999999999998
17.600000000000001,2.1800000000000002
11.875,2.2250000000000001
11.909090909090908,1.7890909090909091
12.0,2.1324999999999998
10.0,2.2433333333333332
19.0,1.9533333333333334
12.0,1.9633333333333332
14.0,1.8719999999999999
12.0,2.0009999999999999
9.9285714285714288,2.2107142857142859
18.0,1.8366666666666667
15.25,2.2524999999999999
15.285714285714286,2.608571428571429
13.699999999999999,2.1350000000000002
10.0,1.7233333333333334
12.0,2.1442857142857141
11.857142857142858,2.2628571428571429
16.0,2.8972727272727274
13.933333333333334,2.5819999999999999
11.909090909090908,2.3209090909090908
11.888888888888889,1.7333333333333334
11.928571428571429,2.0792857142857142
11.75,2.1487500000000002
12.0,2.1899999999999999
12.0,2.3564285714285718
9.0,1.9100000000000001
10.0,2.4416666666666669
10.0,1.4736363636363636
13.0,2.4162499999999998
9.0,1.7616666666666667
16.363636363636363,2.3672727272727272
15.714285714285714,1.9542857142857142
12.0,2.3466666666666667
12.0,2.044
11.666666666666666,2.085
11.0,1.8399999999999999
9.0,1.48
11.0,2.2625000000000002
9.0,1.8510000000000002
12.0,2.4239999999999999
10.0,2.3940000000000001
11.636363636363637,2.3700000000000001
10.0,2.27
12.0,2.5555555555555554
11.0,2.75
11.76923076923077,2.7061538461538461
10.0,1.7585714285714287
14.0,3.0859999999999999
14.0,1.637
10.0,1.5516666666666665
13.0,1.8500000000000001
14.0,2.023333333333333
12.466666666666667,2.317333333333333
13.625,2.0099999999999998
10.0,2.5209999999999999
15.0,2.8599999999999999
12.0,2.3533333333333335
12.0,2.2799999999999998
16.0,2.9857142857142853
12.0,2.3366666666666664
12.0,3.29
14.0,2.3666666666666667
10.0,2.1200000000000001
9.0,2.0420000000000003
9.0,2.209090909090909
9.0,2.6899999999999999
10.0,2.5325000000000002
15.0,1.9814285714285715
12.0,2.791818181818182
10.0,2.833636363636364
12.0,2.2149999999999999
13.6,2.1100000000000003
11.384615384615385,2.5446153846153843
13.5,2.2535714285714286
10.0,2.3833333333333333
11.785714285714286,2.5542857142857143
14.0,1.2424999999999999
13.666666666666666,2.3277777777777775
12.0,2.6459999999999999
10.0,1.9466666666666665
12.0,2.3225000000000002
12.0,2.4020000000000001
12.0,1.9199999999999999
9.0,1.8383333333333332
10.0,1.7228571428571429
16.0,2.2928571428571431
13.0,2.04
11.923076923076923,2.226923076923077
12.727272727272727,2.0300000000000002
11.0,1.5549999999999999
12.916666666666666,2.2408333333333332
14.6,1.905
11.0,1.71
12.0,1.798
12.0,1.8649999999999998
13.0,1.9683333333333335
10.0,2.1366666666666667
12.0,2.0600000000000001
12.0,1.3939999999999999
10.0,1.6735714285714285
12.0,2.5825
12.0,1.76
12.0,2.1044444444444443
12.125,1.7237499999999999
16.0,1.76
9.0,2.198
12.0,2.0300000000000002
12.0,1.8781818181818182
11.857142857142858,1.4971428571428571
13.0,1.7386666666666666
13.090909090909092,1.7963636363636366
12.0,1.79125
12.0,1.7971428571428572
13.0,3.0350000000000001
12.0,2.1645454545454546
12.0,1.6539999999999999
13.666666666666666,2.0077777777777777
12.0,1.847
12.0,1.8699999999999999
12.0,1.758
12.0,1.4419999999999999
11.0,2.52
10.0,1.4700000000000002
13.0,2.3977777777777778
9.0,1.97
12.0,1.4500000000000002
14.800000000000001,1.5800000000000001
13.0,2.2799999999999998
11.909090909090908,2.290909090909091
9.0,1.752
11.0,2.1644444444444444
10.0,1.6299999999999999
10.0,2.3920000000000003
11.0,2.3266666666666667
11.0,2.6775000000000002
18.0,1.6314285714285715
10.0,1.8049999999999999
15.0,2.221111111111111
10.0,1.9066666666666665
12.0,2.2166666666666663
16.714285714285715,3.0285714285714285
17.0,3.1840000000000002
15.0,2.7681818181818181
16.777777777777779,2.4255555555555555
11.0,1.8966666666666667
10.0,1.8754545454545453
11.0,2.0489999999999999
9.0,2.524
12.0,2.3171428571428572
12.0,2.4162499999999998
11.0,2.0399999999999996
10.0,1.8325
9.0,1.8457142857142856
12.0,2.2790909090909093
12.0,2.2123076923076921
12.0,2.629
16.0,3.3191666666666664
14.5,2.3980000000000001
14.0,2.472
12.0,2.4922222222222223
12.0,2.4791666666666665
11.0,2.8383333333333334
13.777777777777779,2.2666666666666666
10.0,2.3809090909090909
11.0,2.3176923076923077
12.0,2.3090909090909091
12.800000000000001,1.6379999999999999
12.0,1.6923076923076923
11.0,1.6449999999999998
9.0,1.6100000000000001
12.0,2.2477777777777779
12.0,2.8074999999999997
19.0,2.1259999999999999
12.0,1.8340000000000001
12.0,1.3466666666666667
12.0,3.0825
12.0,2.3391666666666668
12.0,2.1139999999999999
10.0,2.1966666666666668
12.0,2.4950000000000001
12.0,1.9841666666666666
10.0,2.4100000000000001
12.0,2.7584615384615385
13.9,2.5
11.0,2.0750000000000002
12.0,2.0750000000000002
11.0,2.8399999999999999
10.0,2.468
11.857142857142858,1.8842857142857141
10.0,1.915
10.0,2.8170000000000002
12.0,2.1285714285714286
9.0,2.0100000000000002
9.0,2.3850000000000002
10.0,2.6464285714285714
12.0,1.9033333333333333
10.0,2.0940000000000003
12.0,1.8514285714285712
12.0,2.5857142857142859
12.0,2.3483333333333332
9.0,1.3620000000000001
12.0,1.95
12.0,1.82125
12.0,1.8899999999999999
12.0,1.9339999999999999
11.0,2.2357142857142853
12.0,2.4638461538461538
12.0,2.3881818181818182
10.0,1.26
13.166666666666666,2.1666666666666665
13.916666666666666,1.8883333333333334
11.0,1.6200000000000001
12.0,2.0453846153846156
12.0,2.5014285714285718
14.0,2.8199999999999998
15.0,1.6442857142857144
14.0,2.8240000000000003
11.0,1.78
12.0,0.40000000000000002
11.933333333333334,1.7906666666666666
10.0,1.986
10.0,1.8409090909090908
16.0,2.3462499999999999
10.0,1.0649999999999999
10.0,2.1719999999999997
11.0,2.1183333333333332
12.0,3.0009090909090905
9.0,2.3125
15.5,2.5449999999999999
12.0,2.5311111111111111
12.0,2.3719999999999999
10.0,1.7946153846153845
15.666666666666666,2.7816666666666667
10.0,1.855
12.0,2.05125
14.714285714285714,2.4428571428571431
12.0,2.2799999999999998
11.777777777777779,2.0444444444444443
14.363636363636363,1.8990909090909092
14.333333333333334,2.4722222222222223
15.0,2.9142857142857141
11.9,2.4580000000000002
12.0,1.8069999999999999
13.0,1.5840000000000001
12.0,2.8200000000000003
12.0,2.927
11.6,2.512
12.0,1.8300000000000001
12.0,2.0529999999999999
12.0,1.9799999999999998
12.0,1.6760000000000002
12.0,2.2092307692307691
14.444444444444445,1.6166666666666667
12.0,1.54
12.0,2.2999999999999998
12.0,2.7875000000000001
14.545454545454545,2.398181818181818
16.0,1.8933333333333333
12.0,2.4099999999999997
11.9,2.4089999999999998
12.0,2.1157142857142857
13.0,1.48
12.0,2.02
12.0,1.885
12.0,1.7949999999999999
12.0,1.7366666666666666
11.0,1.3733333333333333
12.0,2.5083333333333333
13.0,1.96
15.0,1.8975
14.0,2.9199999999999999
12.0,2.2957142857142858
9.0,1.7566666666666666
11.0,2.6766666666666672
16.692307692307693,2.9199999999999999
12.0,1.8416666666666668
13.0,2.2316666666666669
15.0,1.9239999999999999
11.0,2.48
10.0,1.99875
16.666666666666668,2.2283333333333335
12.0,0.85499999999999998
14.0,2.4972727272727271
11.875,2.42875
14.625,2.0925000000000002
15.733333333333333,2.7666666666666666
12.0,2.46
12.0,2.1983333333333333
11.9,1.8660000000000001
15.0,2.0
9.0,2.2111111111111108
16.0,1.9460000000000002
19.53846153846154,2.2907692307692309
12.0,2.3833333333333333
16.0,2.96
20.0,3.0874999999999999
10.0,1.9760000000000002
17.0,2.2511111111111113
15.0,1.6283333333333332
14.0,1.9810000000000003
12.0,2.3358333333333334
12.0,1.5128571428571429
15.0,3.3812500000000001
14.545454545454545,2.2972727272727274
10.0,1.5244444444444445
11.0,2.2042857142857142
12.0,1.9045454545454545
14.923076923076923,2.1730769230769229
15.800000000000001,2.2839999999999998
12.0,2.2177777777777781
11.916666666666666,2.000833333333333
13.0,2.3425000000000002
11.0,2.4881818181818183
19.0,3.3500000000000001
15.0,2.7599999999999998
16.25,1.7050000000000001
14.571428571428571,2.5285714285714285
10.0,2.3499999999999996
12.0,2.2640000000000002
15.0,2.6914285714285713
16.181818181818183,2.499090909090909
12.0,1.8774999999999999
10.888888888888889,1.7355555555555555
9.0,2.1741666666666668
9.0,2.5219999999999998
9.0,1.9822222222222221
14.0,2.5649999999999999
15.666666666666666,2.5422222222222222
12.0,2.1266666666666669
9.0,2.1266666666666665
11.0,1.5900000000000001
