apple_errors,orange_errors,random
2.2463173407606072,-1.0195822721944419,2
-0.33774586194382655,0.61632787286496338,2
0.45926696754361895,0.42686955965789058,2
0.47576975365895685,0.1657960859491516,2
1.4630948966845727,0.80187142853704341,0
-0.20760262088602807,-0.52245325337858495,0
-0.66962401205464284,-0.014282891758008034,2
0.62475220957378819,1.1419427214532265,2
-0.76792436596809144,-0.20311248487484859,0
0.032178655916751779,0.31344055287763289,0
1.1550471948418821,0.16993786273315881,2
-1.1181249275068343,2.2053263819809197,2
-1.6019701724303979,1.2316512858543389,0
0.0032066651557050964,0.90957950877763249,0
-0.046212872741910861,-0.6269786835308897,0
0.53361673667384113,-0.86657097423104346,0
0.032653798995332453,-1.1136854566272405,0
-0.82595693316935292,0.69828923817571098,0
-1.8923703271173433,0.38582278513086549,0
-0.83402822639553531,0.77004642023555048,2
-0.3964006985470433,-0.34338377574845186,2
0.24196812079732716,1.2358033626112186,0
-1.4762846584182561,-0.42261785760612575,0
0.49913464733121027,-1.1485547521967114,0
-0.65180564175101263,0.71501488538889912,2
0.4949694009479001,0.12730729249757405,2
1.3936526328343208,-0.64684917881012494,0
0.62443556361516828,0.53189828399679606,2
1.5149052171345307,-0.16106680751675648,0
-0.69444303502217386,1.3909314287245655,0
0.91758683783880102,0.83680857486116678,0
0.48919506553723707,0.78088765084659795,0
0.84476195783992336,-0.77209342460909425,2
0.94861711500046164,0.1478775941821848,2
-1.013415927373911,0.18100309117739485,2
-0.49860945158830083,-0.082556977220650696,2
-1.8149618134809797,2.5346330381102509,2
0.99284554028739413,-0.5804159245254551,0
-1.0171834941473175,0.32657345582104746,0
0.089761825236979731,-0.4508017056816585,2
-0.6780799414617027,0.4154260855720982,2
-0.43986126132630976,0.96499689054342896,2
-0.72472792888898663,-0.73317759684160699,0
1.555147980543246,1.855294458625548,2
0.4146947602185474,0.80549562880296699,2
-0.091446909940266927,1.4004785115419585,2
1.7919084488563439,-0.73793530972051813,0
-0.56331995525614398,-0.038795664236900444,2
2.1259117362921431,0.31163570307273442,0
0.019662870615811304,0.4315222290955314,0
1.1730050286049771,0.066524322400045077,2
0.93712118499534414,-0.57750195827232498,2
-0.96006418088519474,-1.2680457655596198,0
0.49932185657904954,-0.98295565383266592,0
0.2843246914448852,0.036452951249688725,0
-0.10758016922665163,0.120892719808944,2
-0.33485019465062577,-0.22632914490782113,2
0.92946459524845193,-1.7643556147245341,0
-0.081150782752962225,0.8352834091481619,2
-1.6770327832760894,-2.0181146663675511,2
-1.0005188448624691,-0.46298896211702267,0
-0.34913331086611127,0.03098228815438488,0
0.29402358154093478,0.086821213128997626,2
1.1187940672566441,1.6435188706762545,0
1.0471611160369847,-0.74905492322886713,2
0.75925909450139506,0.56487083439756569,2
1.2461685121231028,-1.3817819201799992,0
1.4244065609766068,0.12053777711371172,2
-0.59170319867130727,1.0750260073009059,0
-0.13142786344323101,-0.66412468791912094,0
-0.45649475183055205,-1.0018609327945762,0
0.13767875998801948,-0.78579374970605309,0
-0.17026640301533699,-0.38070144791136995,0
-1.451868804510033,-1.0574890782207691,2
1.7502570375567239,-0.53299368955343451,2
-0.063804851335967333,1.7105094315421985,2
0.21768634283677166,-0.2837081323208494,2
0.8423696142221847,-0.81340579521029566,2
0.45894521041825032,-0.516020565480105,2
0.13410021814913875,0.4314854742220306,0
-0.69190984575112646,0.25868674024013422,0
-0.22915238216161374,-1.302079839116604,2
-0.79883456389409757,-0.7826432159953155,2
0.8381745218180281,-0.37124058382327146,2
0.32447023907026074,-0.21532415096598725,2
-0.29543669808055356,-0.41731351748240003,2
0.4679169651402954,-1.302184368379623,0
-1.419614562303728,0.28644839409383449,0
0.75208788797406878,0.38135654582506529,0
-0.40158379343444317,-2.0284000705157261,2
0.41544385263583739,-0.049557658161517235,2
1.2263718280511162,1.1335100820042072,0
-0.13001149342005192,0.68194281984211602,0
-1.1735893918972498,0.24951827262999068,0
-0.50800916667225826,-0.19946042536794104,2
0.96124402204502335,0.22173325512166298,2
0.1371464471818615,0.21017330187395067,0
-0.1463794344101704,-1.1127977802028146,0
-0.41301191211409155,-0.92208089551705752,0
-0.098674849028188211,0.59628768903544926,2
-0.015507425911930264,0.74653641931482206,2
-0.44312306377452765,-0.26975477795880765,0
1.4098511287304754,-0.79079764867495206,2
1.2098195439927308,-0.13211320178558525,2
-1.5419684662147013,-0.5503536232540277,2
-0.54809787024275447,-1.1230325865823103,0
0.88752756433644286,-1.1701056051848446,0
-1.7122522790610779,-0.97212328516942614,0
1.4068442182810219,-0.4414896487643819,0
0.09430011901337168,-0.74222083200252387,0
1.6392248540355079,-0.80112486067821009,0
1.7708462348722016,-0.42138991340583071,0
0.78733638338098633,0.73790559637007047,0
0.31668533706080287,1.3872453167296641,0
0.92398717706314559,2.0119836047348669,0
0.74436273636742034,-1.6878138192128893,0
-0.045167494598718966,0.75824956267363075,2
-1.0091091280207583,-0.004474544624032936,2
-0.82095053687426212,-0.7347493915124137,2
-3.4989753940801887,-0.015972092795092045,2
-0.0038002115134815068,2.1086184547421958,2
-0.10387986065856052,-0.81749022442260677,2
-0.027534647417186781,-0.59039246814252,2
-2.2323720098161615,0.82115808020243453,0
-0.78057538209928912,1.1001948909181325,2
0.36828278251701924,-1.5712064391023723,2
-0.17474641484680981,1.3746832274732042,2
-1.5150402812174188,-1.0379708104668455,2
0.1530514350889087,-0.80399789972259861,0
-1.2603962724914162,-2.617121695950408,0
0.29250386694261726,-3.0405470566981614,0
0.52354579007293378,-0.2111126585779986,2
-1.0059290371853953,0.43040341177231617,2
0.97404692281337568,-1.5664807686785793,2
1.1785825200306597,0.69670245637727501,0
-1.0732718703064026,0.007266184777104564,0
-0.87644669757119009,-0.47294661696580742,2
-0.31173563423262513,-0.51422243845217219,2
-0.23003136804715393,-0.6670738468603592,0
0.4118519121666111,2.0373494976752777,2
-0.17289001210065058,1.5722906115769153,2
-0.42277834475818987,-0.3871176409922969,2
-0.47150926563031542,1.3119814905423843,2
-0.44311029011896519,-1.6437418349556849,2
-0.71991704450670901,0.34901448439649013,2
0.27240858919720351,0.83863934890968039,0
0.014945329376117511,-0.88686577231297692,2
-0.67753266847274474,0.76500860687090699,0
-0.20892747953392504,-1.084099655231785,0
0.68315333847968496,1.682364270199294,2
0.070199241782220187,0.97665689180502679,2
-0.86361975730865781,-1.3266215776893373,2
1.4127761880858751,0.88750950944874829,0
0.81433126901444786,0.072420157179676328,2
1.2538443706171407,-0.56181999296515761,0
0.71225275980873648,0.76164091073951257,0
-0.84105945856682873,-2.4312280546321685,0
-0.32717237799816878,0.63281774040370675,0
-0.93829426415318173,0.20684816242769941,2
-1.2036348417836782,-0.13011051482465572,2
0.56863129822863789,-0.86027683349079476,0
0.78290988900813596,-0.28605562991034633,0
2.3662993027312402,0.87030373118042825,0
0.42075914068907355,-1.0716145234060699,2
-1.3102245035953362,0.093112164538004735,0
-0.80723005875148923,-0.38462234838939435,2
0.75668984308253873,2.1725152322278976,0
0.63503353800404627,0.15189346537906764,2
-0.22016919155137565,-0.41189015104073945,2
0.51492918455764136,-0.19429134412091853,0
-1.0557702628031456,0.66284734300438086,2
-0.85493800874137493,0.15486178502536127,2
0.35006557169820623,-0.35226897901106113,2
1.769839538858895,0.63838704288722714,0
0.30217620545504376,0.47854947815318688,2
-0.84022016488784201,1.0473299818043551,2
-0.13385978069817006,-0.90864740779119613,2
0.73446436890214506,1.0933317683421728,0
-0.14560203859131504,-0.86122801607657407,2
0.72477519588763828,2.8121973085251342,0
-1.5566584479664625,-1.3947103883889524,0
-0.41708689719953645,-0.28524581349114053,2
-0.46013626265619589,0.11813024996330107,0
-0.36654514702824187,0.57765031553499957,0
-1.0130471005291042,1.4577747358080997,0
0.232591668595927,0.57874069709848974,2
-0.18877661570314958,0.54594580208767685,2
-1.3099855380775745,0.51858831624348878,2
-0.1370404966853225,-2.5989225786396735,0
0.29955565652154031,0.49128878764921113,2
-1.2891040268767675,0.46170412867088129,2
-0.12489165129932178,-0.13740635026277428,2
1.8527161153340945,1.6574411742684718,0
-1.2616866505372115,0.9764238269734522,0
-1.6322787439385054,0.41664247954652822,0
-1.3784948741203757,-0.098887310549152341,0
-0.29824982669272926,-0.62704940128089659,0
-1.1263691314496216,0.25967296557972158,0
1.177143408980396,1.2732134574706675,0
-0.89605692789981517,1.281984527158065,2
0.59102372618590004,0.82174392774617377,0
-0.90927834645587047,0.32178531987769038,2
-0.068240585856987654,1.5756045818939368,2
-1.0607218429385983,-0.55849034205213421,0
-0.588060124623212,0.45822972815299434,0
0.28047978390114292,0.023922084979184254,0
0.49558831987157409,-0.84704366498519645,2
-0.79025061249789608,-0.11362405528765371,2
0.34306969090248673,0.31599675802990079,2
0.21884796303195822,0.59635783148719079,2
0.31383632957375873,-1.1830305252657469,2
-0.79111228032832903,1.1715224380005995,0
1.0471679209806344,-0.60180672831123094,2
-0.16174826477693804,-0.35900104710681208,0
1.1084131199456513,0.56721961540801702,2
-0.19457974591699723,0.083872100273660169,2
1.2361185271053985,0.41345869259172324,0
0.32065124189114114,-1.7823881025192707,0
0.2095436785345714,-0.43173259409934367,2
0.21088236443068895,-0.26449831621273862,0
0.12700093950159627,-1.7210408106991866,2
1.1074138409433809,1.8643666405330854,2
0.71994934997204685,-0.32836784578011274,2
0.89375884738284317,0.67240858785036794,0
0.74732003107624689,0.94390790757019616,2
-0.1217461668464206,-0.59009959121496203,2
0.30731027081252055,-0.49469395052253945,2
0.54524313185107587,-0.13695414864595815,2
-0.10011178446360587,0.38213258582907894,2
-0.77794788214515109,-1.2157959745862865,2
-0.58279067381749838,-1.3901070710060806,2
-0.036938667937598722,1.0657339783251729,0
-1.6504288632247253,0.63826548713730824,0
0.75631227218808972,1.4190142850872529,0
0.19539831039311747,0.12538834770104892,0
-1.4493510634108719,-0.49150024105462919,0
0.20600236733117094,-0.2585084563642544,0
0.62147765336423477,1.2250775795411561,0
-0.47530616947822601,-0.23260102530895541,2
-0.071935019840768388,-0.5846750946097804,2
-0.44558289067787321,0.27646763492628712,0
-0.28377731727633582,-0.6850274679757602,0
-2.1799097075923726,-0.92765677426043636,2
0.37144639127394508,-0.0021328711234217994,2
0.97195195356640873,-0.74456585413757215,0
0.46803851219828058,0.54757061619490921,2
-0.23160880479173165,0.48738113920990123,2
-2.448329442944897,0.55711749958920376,2
-0.18353607933565838,-1.0190679093808037,2
-2.0747095243413964,-0.82051865688210968,0
0.9656551278888148,0.39436140878166182,0
-0.89203636801541186,-0.77264870471160074,2
-0.6749701247337907,0.57145171522671157,2
0.57687997707085847,-0.32216224894136181,2
-0.61323267996417263,-0.39740523937001326,2
0.42745293594090783,-1.3421855375322329,2
0.14939540454892775,-0.43601626569542073,2
0.63212915321826146,1.1251483983381994,2
-0.65763423899053541,0.81152306090609994,2
-1.1418377992363593,-3.5405009597769745,2
0.053217875909204411,-0.66198597224931843,2
1.0545434591465401,0.59473001804081027,0
-0.30373318579050079,0.52391754185800121,2
-2.0681324759485231,-0.76907366352717732,0
-0.66098929509815885,0.89489659391352827,2
-1.9767770034080121,-1.6611729213166435,2
2.2112003145303549,0.13374532719027266,0
-0.15299254461473741,-0.58951182871556296,2
-0.18870659845694085,-1.2340279256828759,0
0.41936656301526609,0.95208925534767153,0
-0.73567268529454122,2.1166277441614372,0
1.658632989105427,0.081418416541437222,2
-0.28032879195717236,-0.77195584416246954,2
-1.1860855830245076,1.2895525852293677,2
-1.0035263589232588,1.5354972950100323,0
0.40177855554798242,-1.0981373808136188,0
1.4088486267057194,-1.5702274509854448,0
0.84381192463946164,1.3403491049141916,2
0.11777715812635882,-0.032439401049914961,0
1.6539384666570154,0.22225982662460914,2
-0.057676112361795033,1.3797681590666371,2
-0.13411174886590949,1.7353090846960153,0
-1.3908077163490165,0.14740234863183227,2
0.37288904303490406,-0.12391504534503305,2
0.80292909576937244,0.7887956807648554,0
0.71084490681370116,0.20762372555271597,2
0.062890238447960475,-2.6158737758910009,2
-0.15000185638352509,0.070782998121332971,2
-0.76639623437608451,1.4955140183610285,2
1.4391600031837957,-0.20361420513197004,0
-0.72081093376902305,2.0161429885100906,0
-1.2761436608315138,0.66410873973720308,0
0.88508132692291197,-0.16039168132200371,0
0.094250640664368099,-0.51822544689895989,2
0.26824645963775151,-0.38477296511847042,0
-0.15733669305873055,0.66281395735255777,0
-1.2751947046538126,-1.7042799073447092,0
-0.3841720300538064,-1.5114930954069092,2
0.070135806052663022,-1.0590236011565661,0
1.9974751245530964,0.44242123163084679,0
0.64306294537774855,-0.87936561019899684,0
1.5534738646383577,0.79172436810449043,2
0.67887151366406828,0.64098372033020123,0
0.13812306420621878,-1.0192862358686336,0
-0.46427438703922613,-0.8418829900398227,2
-0.55355625791778329,0.53330764508332629,0
-0.46614606176365386,-0.14093279374369827,2
-0.14343337001862808,0.85121718805901603,0
-0.34910070333829463,-0.60016990983213181,2
-0.36157570042945703,-0.57359274478109945,0
2.2681958157152344,0.33646620407023076,0
-0.15923505652920625,-0.11607188440662601,0
-0.79467285234259033,0.47711140116521195,2
0.72189692512294046,-0.55612635638169328,0
-0.12247063861506678,0.59098586538973119,0
-0.74230923684434258,-1.4887022536807757,2
2.0837593932046321,-0.012033178867101865,0
1.8331471432779161,-1.3378862806443501,0
0.37392245098677473,-0.87768087665484851,2
0.29197704949710113,-0.11312137777157226,0
0.45578662415087107,1.4377523313010374,0
2.0298336880686541,0.007728036213919146,0
0.39050738426444775,-0.5742913956508805,0
0.11905245159302034,-0.35547923627669276,2
0.48387658008511497,-0.95088038320520318,2
-0.51390463118344332,1.675887259102842,2
1.5307671619970749,-0.13155807222896002,0
-0.081943974660674782,-0.43629875705738819,2
0.61724595855083142,-0.65184201397084662,0
1.1187248603026911,-1.0134294545249103,0
0.1955186738173689,-0.6869504741697996,0
-0.59416201665988289,-1.1173852255397427,0
-1.0763179979766113,-0.26894334531408642,2
-1.0902326815954677,0.015501308836213694,0
1.8454717820652886,0.62036649245605113,2
0.93755167556182351,0.30593698242282713,0
-0.068467689264008341,0.31189723609886749,2
0.89021615845652646,0.050684342985945041,0
-0.20257746558395864,-1.3508364169651073,2
-0.99619759640104,-1.7815962268564143,2
-1.070207800679273,1.0929188064994972,2
0.68120439629261642,1.496511390612381,2
-1.1542153610046684,0.89587639913977724,0
1.2429521233445007,0.52324833979411489,2
0.85365852536610398,0.31002179646321343,2
1.2457974945024946,1.3793890507604494,2
-0.98221711147341206,-0.50640362524160298,2
-0.32189517603868845,-1.019640241986304,0
-0.54026864034562638,1.3896307807002752,0
-0.48116403227645327,-0.9275546776815744,2
-0.66712855328159903,-1.9689032734718392,2
0.92419205756220613,1.1825002360601633,2
0.11339273670582786,-2.384892939350542,2
0.41218179011955436,-1.2398860913069862,0
0.6201722455969616,0.83943609659085783,0
-1.0527085419726645,-0.89277993983994663,0
-0.11958302170034042,-0.90395322921425114,0
0.70610127973472103,-0.16002728788524107,0
-0.45293528277842737,-0.57594332771393542,0
-1.1600149194384408,0.082527114112491223,2
-0.51359956915344995,1.8173372006063748,2
1.9316973671024111,-0.36397186712817237,2
0.95448447378485946,0.57902246397301083,0
-0.7939313367340044,1.1465170601661725,0
1.450028386235356,-0.95370150434500323,2
-0.07817301650847866,-0.10676676746266567,0
0.76762289077114942,0.54708941151282731,2
0.18196470729952191,0.27012984491950159,2
0.022654344350137575,-1.2104586504941857,0
-0.0085085062263424056,-0.42857661978113099,0
-1.3947093358655138,0.99817327588977101,2
-0.43361860921858308,0.98022428897189851,0
-0.12047428040200719,2.9755821639919819,2
-2.1734646478692987,-1.4038714427294643,0
1.7650444509960361,-0.15628397031952163,2
1.4747698121897228,-0.23205364095117617,2
1.0311358341865506,1.260693458350028,0
0.71543405018469441,0.44742689957226039,2
1.8999744474447984,0.35529722735645342,0
0.93575249449630293,-0.37897396110032217,2
0.27905532091652052,-2.5293925880416577,0
-1.3053248185102979,-1.4947647802702582,2
0.079188906792726027,0.56639117718993504,2
0.49171329549710507,-1.7206021023825366,0
0.81549388268016998,1.6648338371820481,0
-1.9736401452368066,-0.67888200523748155,0
-0.77132686238177262,-0.16301863325689459,0
1.0627014077060111,1.158338306846731,2
0.83172911339282407,0.5247996836453227,2
-0.53476132555553402,0.074475682139420546,0
0.12651956779147414,0.73249491458013627,0
-0.4069308788806717,0.25618250359231076,0
-0.63465923161585747,0.70820903789877698,0
-0.74159963451954636,2.0170564875037198,0
-1.0020126295976171,-0.056964318692639737,2
-2.1806837026878574,0.4174042782356665,0
1.6070303947515254,1.4566329496927921,2
1.2451417969667657,-1.4408606130573822,0
-0.80028674899613483,1.1107854897596416,2
-0.41479578488582192,0.25335296876636865,0
0.2135441014875652,0.58768090364983949,0
0.84504792276496254,-1.4785687523892581,0
-0.11608277430146147,2.2191905599725645,2
1.5008053049891223,-0.21794661384355207,2
-1.0227638746016796,1.8058980343233679,2
0.37164512057763599,-1.6797736344608094,0
2.0133789263228223,-0.55676026391984046,2
0.77834055003452929,-1.1042963519669837,0
0.91730173644348845,0.13775346024712734,0
-0.53834152119730416,0.66964887625244429,0
-1.8141665011021644,1.1387530727666288,2
-2.2507381852229882,-0.54065848521991244,2
0.65139016054137866,-1.0674612287699665,2
-0.83995512731212563,1.1580060304179727,0
-1.3286157432722274,-0.20794768501861718,0
-0.47866252214090227,-0.32671726671728818,2
-0.064332878399914847,-0.66939011808603976,2
0.0044096304604360655,-0.5313263471640356,2
-0.0068200538288893456,-0.80816430313641097,0
0.43117549712451048,-0.49364408277950489,2
1.1871777120649918,-0.12719865611872994,0
1.1059255237418646,-0.80301629350214787,0
0.53028019695566597,-0.61935787252348939,0
-1.083840769858194,-1.2708134037776888,0
0.38425558698173734,1.5685424223173181,0
-0.38724944911082038,0.48254428536651989,0
-0.20248577574011231,0.98579067263653419,0
-1.2774988352781078,0.30561983597054126,2
0.82620510660878488,0.93292291985534082,0
-0.62138669626805998,-1.1977358680637626,0
0.71516121659250542,0.93881124270344307,0
1.6023053157984128,-0.2092760013384726,0
0.66169988933676427,0.66349547860163816,0
0.91112559893492151,1.4598236116271612,0
-1.5816704215574311,0.67040064416937051,2
-0.092092269902728424,0.56170142635411746,2
0.14862990259592115,0.50959623169231649,0
1.59023528774316,-0.65140753933635553,0
-0.5603169474001819,-0.49323083046500127,0
-1.6833774720349954,0.34469441983929838,0
0.069992035554026999,-0.33563278801036189,0
-0.14706405327903579,-0.85677735686485135,2
1.4282916359250217,1.1153436883139969,2
-0.2838252771143514,0.2931977423819821,0
0.93785169687168357,0.25694967928136242,2
1.1514211778278263,-0.55756612895900926,0
0.23102722455153413,-2.7021600726962181,0
-0.01463906222019336,-0.25609782941630965,2
0.065272844104910258,0.14227097430591853,2
1.4852267480307835,1.4745131116039305,0
0.041570428049559849,-0.13513941429398246,0
0.56274758652865065,-1.4035997455039104,0
-1.2659449367095785,-0.58078097513282489,0
0.38544303000252989,-1.0769088134372564,0
0.63353706575759616,-0.47422025130066398,2
1.7833923155995406,1.351928861303576,0
0.77828598616387734,-1.1304270611973064,0
-0.81599594318365376,-0.66673726649890863,2
1.2548604780513775,3.2807085089190813,2
0.6744021948431187,0.012192139613563188,2
-1.1655110380771225,0.92560373737449197,2
0.48462884900680503,-0.35596127281859391,2
1.0294056334316601,0.061192325834446525,0
-0.91917996937733182,-1.0038059227140501,0
-0.5637727630226389,-0.35292966247080626,0
1.027958582926654,-1.1273457274098013,0
0.85878680393600781,0.54741610449783817,2
1.5440434858666672,0.87569829182536385,2
-0.56878092744971698,-0.33009663599057265,0
0.067195075519431852,1.0944919459547089,0
-0.72234056327089891,-1.5043443122419642,2
-0.24668957385643028,1.0322716729101238,0
1.0888496581842286,-0.92440211686269491,2
1.5926505008304408,0.43716586521928041,2
-2.4342820948397317,-0.89833052830271531,2
-0.1653662774022143,-0.25448805253553852,0
0.70999137602985773,-1.4816855367473942,2
0.059242854058873327,-0.13425239687160781,0
-0.45371867003032562,-0.098163148252888729,2
-0.88602616664284028,-1.3941812494239079,0
1.4004820713745114,0.91266323096356528,2
-0.23549161164271298,0.07265896445667519,2
1.7086347959472923,-2.1934746462968899,2
1.722560846121961,-0.36656929540764466,2
0.8048928630217026,-0.68975964682550039,0
1.533371102079008,1.1062188201289707,2
0.77260603140948958,0.86487454982749412,2
0.46405904477741478,0.29751144936191048,0
0.65208108697694467,0.10742224575117558,0
1.1531678139379589,-0.38306383350480999,0
0.35804777021343809,0.95580855083696381,0
-0.81718030067489389,0.35290322919584494,2
-0.42800108607209142,-0.039098976943280246,2
0.42714788404559828,0.84489363607417045,0
0.38573760584423317,0.6477098378193068,0
0.8186501641264039,-2.3044372287153312,2
-0.24075772876757678,-0.55487762311758171,2
1.6042704178041887,0.61500119772229289,2
0.47626612098080329,-0.27914523734418367,0
-0.90443855096300962,0.11471943702357332,2
-0.55012860344886605,1.2885470950251696,0
3.7611069541520727,0.2484744839170501,0
0.24839384071224568,-2.1781325405517826,2
-1.339331396074533,-0.91009527455865424,0
-0.50953702162667303,0.14899506445608499,2
1.1486135767586725,-0.65899981023067955,2
-0.67784776567922422,-1.3345091952481487,2
1.2540683520584615,1.6178902764401173,0
0.31050091761533544,0.4823431650430936,2
0.83156807543947053,-0.061683592011636555,0
0.40801198881056006,0.56924372311294158,2
-1.1724286551842173,0.28741520757664107,2
-1.6055242703257526,-1.5878986535880459,0
-0.84724839943976871,-0.35846906596107264,2
0.11300639837341295,-0.24985635940000367,0
-0.48780264055994699,0.80481938797337049,0
0.40064626864569386,-0.8117552487252867,2
1.2217572916398458,-0.31523765641564155,0
-1.7090073402073225,0.22682696170747307,0
-3.095062135143233,-0.59104388743104486,0
-1.0268414631600908,0.47977894831561357,0
0.068554980607583499,-0.84929396365100263,0
-1.4410684543215582,-0.0087515771330703429,2
-0.33786177675749118,1.2559380477582072,0
1.1837242375265431,-1.402686679897001,0
-0.4139796721924896,-0.29968504649444022,0
0.81512167236461219,0.23243045402036619,0
-1.1380026344847143,2.0575474227890345,2
0.29424943704480733,0.25677398938539864,2
-1.2636062462367581,0.38530996169180459,0
-1.2031059237497541,2.1673813572341083,2
-1.0256439913269477,-0.53764254161078318,2
-0.3540932064027012,0.54337772707477816,2
-0.40035580795380588,-0.2472060010375994,0
-0.17403162458825136,0.27798505141530444,2
0.19946658256271727,-0.95576950815370054,2
0.53659612392496703,0.90055591646837763,2
-0.37684103555899434,-0.14847226272665925,2
-0.83795988052183989,1.3679897329930892,0
-0.35071246819931889,-0.088008088743679505,2
0.26751808843254443,0.044221262622438577,2
-0.46239325299705497,0.49031904184853053,2
-0.053850699013945937,0.8196691188966666,0
-0.45302779456944486,1.0284823805575072,2
0.90957993911706925,-0.29783286589971553,0
-0.62693618152160668,0.23484814386722219,0
0.42968675382429744,-0.14458670325635856,2
1.5667123776492982,-0.59271131384426823,0
-1.680579177268404,0.18505919789382755,2
0.51347451497901453,-2.1267144035304688,0
-0.51786358838712865,-0.61692178353074179,2
0.22017838174124749,-2.4938986288947906,0
-0.56403557824680584,0.49567364411454878,2
-2.5005860421313972,-0.19371576511203137,2
-0.28767479687960806,-0.19592376349341251,2
-1.2846138265900524,-0.81805251320864081,2
1.1967729460891221,-0.65934557224158585,2
0.26177671561884214,-1.9392657676322,0
0.35846878194895715,-1.5627339099565254,0
-0.42621744561928576,-0.1168691155945832,2
0.19938766544075512,0.76809785238134165,0
-0.9448764563078681,1.4731987436445686,2
1.3858797139414762,-0.39954393164615548,0
0.84189356829747353,-0.10522303431175496,2
-0.1850005927096271,-0.28043927877488978,2
0.78223438631496667,-0.53268566056080124,2
-0.76564271131942652,0.10270422579747698,0
0.1314838838841646,-0.14050905438961361,2
-1.1685105317916784,-1.1626405829240172,2
-2.4294651681567494,0.38852517865204467,0
-1.0357219233909027,1.2740158482432025,2
-0.15007227692443759,1.5957958482113894,0
1.0408818147802519,0.98160584397730544,2
-0.09951165907847348,0.65364431118464428,0
0.31370337191836856,-0.97914023438027764,2
-0.18351385019883351,-1.5673195627995937,2
-0.39479537868253411,1.0323674896345294,0
0.7196497334417683,-1.0318627305682593,2
-0.98384403344918625,0.96724175295782855,0
-3.4337635351183224,-0.20452928867501349,2
-2.206592612726213,0.40943282737637549,2
-0.84616697431711707,1.8533534027434988,0
-0.18739170471601663,-0.33672887120592782,2
-0.37938234800845155,1.161177040857444,0
0.75481780519219388,0.66522781714810075,2
-0.059250307108182042,0.14308203665869351,0
-0.31117882367272415,-0.24838159534545556,2
-1.1930625979678688,-1.258813002982202,2
0.80580607497830103,-0.10671288788882602,0
-0.51519486808949588,0.97270645565134739,2
1.0431557854577762,0.99565940126414132,2
-1.8219754810359026,-0.67053081440156537,0
-0.75833816815477417,-1.6645698369835424,2
-1.6822308237838361,0.35320915011886084,2
-0.34021794420871349,0.54692738085092052,0
1.094136169121311,0.66802173519106267,0
-0.50346190185843376,0.0072172903759972042,2
1.0018615262696213,-1.06338813617107,2
-0.69203509784143102,-0.71147667198137599,2
2.2104188844064172,0.71597512472725555,0
0.32631702735172585,-1.632892634159022,2
-0.72549601255191865,1.356374710018859,2
0.32572027933663789,-1.6362322386541526,0
-0.34414481669385988,-0.36089163455818191,2
0.15340963273392663,0.17919877247223487,2
0.6586908384228698,-1.1525552679033659,0
0.64245598087726785,-1.6359974351660724,0
-1.3523479601659174,-0.59931213720548115,0
-0.093028911841751855,1.3559792066480363,0
1.1528475354391885,-1.076421912080386,0
0.34906729870981973,-0.29143916019980898,2
0.59215301583229274,-2.1761351293806364,0
-0.65275075710948616,-0.51084868461524602,2
-0.14781412356301349,-0.20423918708412869,2
0.87571788997628541,-0.093859955509327436,0
0.91813754341929499,0.65008577079013952,2
-0.8184268713819568,-0.98816394217444814,0
2.3711215445894216,-0.35959710325558958,2
1.5035105691236341,-0.75155898546627409,0
0.45107632870137032,0.39180294907187319,0
-0.7583919234644384,0.43993822099400715,0
0.18461338405686548,-0.68257870766909245,0
0.11446504262246021,-0.53643690842309666,2
2.2151964269765214,0.59023831574501617,0
-0.50579882571374868,-0.73369653926065093,0
1.0938543227501205,-1.1980417960915712,2
-0.78693640487771954,0.61559368672648807,2
0.81086988293898643,0.2219260564794768,0
0.45124201495674349,-0.40320044877058075,0
0.24003507249665568,-1.1188146274917758,2
-0.32261182602397176,-0.44398560250732405,2
-1.5157423244852521,-1.634294207919329,0
0.25065329799839048,-0.14079711914743365,2
-1.4139443444962501,0.18144224260799866,0
-1.830789884315241,-1.2920956026737336,2
0.63908340640694272,0.048650083085981774,0
-0.87952399394544467,0.89106480475529426,0
0.7010358804767115,0.10109514613977294,2
1.2853037840058108,-0.067294351107864372,2
-2.1611061963268741,-0.050172043561281486,2
-1.335983531476457,-0.43834154681276,2
-0.67805233309009239,1.4647220421190676,0
-0.93679132911002361,-0.2041000263180221,2
-0.4375001587921597,1.2276326324080464,0
-0.36067079169080302,0.48075300676091315,0
0.057476028091061587,1.5554274836540181,2
0.92272155210864215,-0.45849841856056756,0
1.1391607270131825,1.127223743339361,2
1.1754403256525048,-1.1877965153001366,0
-0.62371806074237668,1.8259283077814885,2
0.28658868305112917,-2.2881944180675169,2
1.2593278279485549,1.7792174407683408,0
-0.066748089700509605,-0.97476915006082165,0
1.2410657171136286,0.10029142949890506,0
-0.88575709438906536,-1.9511170704235901,2
-0.0043289918605835349,-0.80108786382277553,0
1.4438944839111221,1.4784629565171383,2
-1.0408718110824406,0.85764689984327225,2
-1.6118845524435008,-1.1022779358347292,2
1.3230886274704217,-0.56764466811364522,2
1.6684373971515534,1.3141020204024894,2
-0.80297653865366048,-2.1311580368006777,0
1.0315651497086953,-0.83892647528706865,2
1.8916894926698575,1.378411027004371,0
0.26863886455345815,0.13390233680576957,0
0.46310339647648163,-0.72528190075045285,0
-1.3023761426152085,-1.419389302990703,2
-0.5960478945780644,-0.261467298746967,0
1.0529264667231781,-0.010278723889082181,2
0.044670000485302459,-0.14633843198982885,2
1.0703887342461125,0.87528562399445797,2
-0.072292827772582585,1.1673786445101111,0
-0.043768995063174471,0.4881434934914457,0
-0.54365492456414677,-1.0717058882316068,2
-0.50808384452962363,-1.4029953695271646,2
0.24962493415276735,-0.50637537973228119,0
-0.2408369077486627,0.72011838709523157,2
-2.0541342182686044,0.313168294690434,2
-1.2310885542602046,0.59329740306357659,0
-0.99791772687499869,-0.13669683217308071,2
1.0085053161150401,0.65322807447028142,0
-0.81683507858726112,0.9433624624164485,0
2.2358629789989553,-1.0601714715200328,2
0.23097497605079417,0.32635380211556791,2
-0.54352399370623394,0.42792989177719937,2
1.7399867840265431,-0.34988582341829016,0
0.88534415348178253,-0.77858467160034772,2
-1.1890655309384917,-1.1050535199711784,2
1.8965405873378443,0.36288696601266773,0
0.095103403829721309,0.41719597845394901,2
1.3721475044298166,0.72944078017264369,0
1.5469170359018141,0.52017291210868377,2
0.55974288573124009,-0.72665243203486507,0
1.4362108518054471,0.027577979549655858,2
-0.79947593342376022,-0.79240987249657791,0
-1.1316841022162347,-0.017032595910407643,2
0.42468521221866185,0.24753125119366698,0
0.59899945319897696,0.3227205184731215,0
0.25376685744715055,0.28133565882032663,2
-0.93961502105631889,-0.98877790204680349,2
-0.64649571478104539,0.21297013418895691,0
-0.48643229192685894,-1.649100082074183,2
1.0936117666090406,-0.38423824764332454,0
1.4724177746674108,-0.4174561186768122,2
0.56526968668516087,-0.053571113292796353,2
-0.091538332779172518,0.32939715316450163,2
0.47515808793191922,-0.84424380064132665,0
-0.29053720630559238,0.057650355984809269,0
-0.21099257439217819,1.4662766098964066,2
-0.17614789138099668,0.063422812861316236,0
-0.36269666395014288,-0.65293186277427184,0
0.045663185320584776,-1.6207343262148817,2
1.2106584295308114,-1.239200161506379,2
-0.82438042610554485,-0.32772706921269185,2
0.1233626897830369,0.14381034139129645,2
0.97811440092439517,1.2169868881433799,0
0.40415308300406161,-0.36893294814905453,0
-0.29839650718956545,-0.59302606268896885,2
0.35081468377567526,-0.88745706051637174,2
-0.2519376438032826,0.32864214869032077,0
2.3532373242628357,0.77754388559879339,0
0.88033277560427037,1.024406909273381,0
0.55455588612607021,-1.7279012619388974,2
-1.0672896976127364,-0.19682848164559591,2
-0.16483382848975736,0.67608522121213066,2
-1.5519156835119106,-0.29865702817991896,2
-1.9640666050195812,-1.1853323513292866,2
-0.28093699552307821,1.0734565631878208,2
0.53874228365179833,0.099784791862319089,0
-0.41335842137541429,1.485199945172353,0
0.27915125313084516,-0.33224461340054401,0
-0.92701473064218365,0.16350211714524149,2
-1.0446124630880738,0.72714798663234714,0
0.45786967602928247,0.69312719851816373,2
-1.3306908880879584,-1.0023424221992945,0
0.80785997358605455,-0.075516960793966276,0
0.98269071162200272,-0.49822043421972584,0
-0.2955714672486181,-1.7133784398862797,0
0.41339758919590813,-1.7914756520153179,0
1.7741427294045029,0.077118112120185683,2
-0.90928016906167797,0.32722422190498174,2
-0.12120342051302141,-0.82979955088042867,2
0.45134165145813177,-0.10291540000334626,0
-0.19632662281016131,0.49778192347677602,2
1.4310020234064678,-0.033757424345500713,2
-0.94534572350442514,-0.11279191294295379,2
-0.21462801940671677,-0.057917537982546077,2
-0.94137082918873283,1.5713478028160606,0
1.1679280237069398,-0.34874185009496145,2
0.84563897146229727,0.45756146341529524,2
-1.062921772747851,-1.9132445700027199,2
0.032934358659166857,1.5506301466319015,0
2.5261753773592712,-0.73820008450513519,2
1.4671680067905777,1.2177991228099394,0
0.37956341839312574,-0.034116329206745212,2
-0.9487709555167978,0.067881739325317617,0
-0.42471106538405679,-1.194317797879749,2
-0.18761259647281911,-1.1671504019804666,0
0.82758348678679683,-0.60766094167845375,0
-0.45121842725564065,1.7051813154777138,0
1.0128656322095291,-0.34725939360166136,0
0.76967975618971596,-1.9725739625446599,0
0.44269542554397756,-0.35256774614103076,2
0.20187171965292108,-1.8693728727616925,2
1.0189727809545084,0.36157128846854797,2
-0.17151925270670329,1.4148420185847643,2
0.30512357069262502,0.42511022270981602,0
0.83398609904138687,-0.53707267950127402,0
1.4300458487008589,-0.53188402636664722,0
-0.31925750195045771,-0.54250917589898029,0
0.19626835510028853,-0.43805130887674737,2
-0.56701576824664979,0.3790846774020008,2
-1.5179970003181891,0.5499418297618921,2
0.15913976522371728,-1.826589312740972,2
-2.0367392694738498,0.26462889132617917,2
1.0706857665554772,0.574698806853288,0
0.66196850183760392,-1.6413024946989396,0
0.90120569367224623,0.18386849512439149,2
0.63215530672706455,-0.2761339096337368,0
0.010463274298940884,0.90596308382597546,2
0.62029538717325017,1.1065388709730157,2
1.2161646070278098,-0.52427615779240355,0
2.3908216283940922,0.88748234405560888,0
0.3780624851874908,-0.13571624094263066,2
1.1506663353612412,1.1638833472724492,2
0.21077127382190566,-1.9675216887719864,2
0.67632153294559538,-1.4439281020671093,2
-1.3287237041477775,-1.1267689191991892,0
-0.7859692976548539,-1.5235093789099126,2
-1.2850925789532952,0.31470360125330171,0
-0.57249169720385873,1.4646977147337017,0
0.53976539745428453,-0.66338746719981845,2
-0.71922928403158004,0.96753284463294675,0
0.48688317471603643,-0.47725934872183734,2
0.51075643222499245,-1.7418075022959629,0
0.91999077834558651,0.73618915024120768,0
-1.3695977655789844,0.99465473943375937,2
0.27767663098808432,0.030362291429981817,0
0.014094171938657319,-0.39996903951293228,2
0.7536120657056431,1.2235518896443531,2
1.7580159251337677,-1.2344025567480261,2
0.973706897204901,-2.4673284688087205,2
-1.5555724407195133,-0.25907882423239814,2
-0.83553581669575039,-0.74670336093401957,0
-0.752735829309231,-1.0860213243731185,0
-0.26354267755238664,0.67686070905692253,2
-1.8031717068121471,-0.31687565230186293,0
0.83852819533056233,0.076881667608543466,0
-1.3277541411546214,0.37011165319699263,2
-1.7405963281848049,1.0606378386307365,2
-1.2745015885373796,1.0986567526241664,0
-1.0899878505667329,1.8133841279293881,2
-1.3032199152613746,-1.4988238771615143,2
-0.36026882062044169,-1.0543084691534368,2
-1.4872549145362643,0.8460131738521306,0
-0.59047738130481009,-1.5669075555277538,0
-1.1386768487095256,-1.3066929382576469,0
0.51816077167833974,-0.40686001657419479,2
1.0162617933794091,-0.56140194536763033,0
1.1657237532974025,-0.052711226582699201,0
0.69117045232643914,-1.3893713229763649,2
1.3947144779446621,-0.17637999295111667,0
0.79960262891346279,0.35220606409938815,2
0.80550315479105061,0.22084995754761888,0
1.5854983825252125,-1.0093631091596711,0
-1.1499668310796105,1.3326643946197267,2
0.089708620901439662,0.74966513332311147,0
0.75543730917729146,1.5459255303315085,0
0.59274837141827896,-0.12732260822566679,2
-1.1207843302340412,1.2274131006717364,0
-0.79900411158685014,0.53205116369096495,2
0.59046815371210837,-0.79535681325034402,0
0.79383241937170967,0.033639561172552165,2
-0.27381060467545221,-0.3835070878832389,2
1.1663979172122794,0.94826930543602961,2
-0.24119241482855752,1.9546038479755043,0
0.19908810531048488,0.23044101839521,2
-1.0859667109240649,-0.2753151765968902,2
0.27905329133867329,1.4874205381347723,2
0.60585177368903786,2.2115849112332464,2
0.72575496144756613,1.3098608982632305,2
0.082939319095563402,-0.10589152602078861,2
-0.44492387519285481,-0.12765643731529655,2
0.29692496451959588,0.72424994457769654,0
-1.6297379023514633,-1.9189140176378319,2
1.5725620678215049,-0.52218758630570339,2
0.44515632603988997,-0.82960268683649419,2
-1.0272526072536716,-1.1480758540277154,2
-1.3975406505388952,1.7113227944594998,0
1.339692832441284,-1.1400278238268751,0
-1.292813667492785,2.1073190774382895,0
-1.1317129496318383,1.8197189633430271,0
0.86655454973830248,0.47021074181330041,2
0.66969273456234046,0.10643591135852186,0
0.43376615815548941,-0.23950654144781522,2
-0.75997187695505319,-0.8202501698827207,2
-0.29771496114281859,0.57197579335295257,0
1.8156090133322891,1.1267529395206264,0
1.1000562169733101,1.3699505969670982,0
1.5256111242167663,-0.31840331992856574,0
1.8236114900343248,0.60191336757476466,0
1.2383330713000236,-0.38769346644494596,2
-2.0191265358773411,0.092631759209309716,2
1.4821740077571053,-0.42130145546493786,0
-0.65954430970571543,1.5916555671768811,0
0.77051925231568219,-1.3210948271590961,0
1.5230027836054667,1.1076646715516947,2
0.51057889542251322,-0.11572840861719579,0
0.41848372435675019,-0.0013909537488013628,0
-0.32522745834189837,0.52411228909813257,2
-1.2217362310885682,0.10149654477086439,2
-0.4258764803863252,-0.14170914517793257,0
0.48217029190102645,-0.37585506205973279,2
0.98979472757659503,0.29721358313147872,2
-0.34489064487086529,0.75454243074534433,2
-0.7461431298898854,-1.7084412668391951,2
-0.32972424400815903,-0.022677861670898435,2
1.2443043967677918,-1.1129135379038966,2
-0.055429556042325745,0.39770207289452897,2
-1.278413164646504,-0.30779683179307232,0
0.89800148379641975,-0.90871235612713552,0
0.25760209971089293,0.60831535589089469,0
-1.511131452333687,0.21148522704164138,2
1.2470797525403652,-0.8962619758319359,2
0.84984943904891674,1.7037358063295265,2
-1.3869582128353461,-0.22306624647254447,0
-0.31512729099929532,-0.32446329688846931,0
-0.048092678940512765,-0.11250660276583396,0
0.33763125404778949,0.17624407458203828,0
-0.86131163441074521,-1.3133718603232298,2
-0.17803468279210705,0.12526798830709707,0
-0.050909075188845784,0.49479464374986204,2
-0.36996862170517802,0.63701208981256208,0
-0.070404338883866477,-0.29894622362057027,2
-1.0940971076524377,1.1765561130629174,2
0.39987754355234273,-1.7853543680849051,2
-1.1719498008859379,2.0155203801526187,2
0.35731384503668595,-0.89729683045090169,0
-1.0772874713853566,2.133438168699469,0
-1.3675324458755471,-0.6760498133804389,2
0.77661299670877981,-1.1407213570281214,0
-0.45057142694796226,0.4886724279447151,2
-1.4316694539355141,0.19708731955657732,2
0.25407685993993878,-1.1817777557433602,2
-1.172390536527119,-0.69415557473812683,2
1.1270025388726155,2.1026588344405566,2
-1.5522499401866912,0.9208627813378516,0
-0.50634106443502891,-0.26908963519638057,0
0.23487975275733625,-1.2933362852505474,0
-0.11258833761425184,-0.24831425713572808,2
-1.0554866098289939,-0.88031919064647113,0
-1.7411053625540782,-1.1143069513235047,0
-1.0041644308899205,0.8231614349447105,2
1.4563766501729949,-0.43654592189977903,0
0.92907393897907664,-0.30947628419779932,0
0.074432357197898161,-0.035703604897395866,2
-0.71261057334598388,-0.8083408567792143,0
-1.1909696343225546,0.41934758881681056,0
0.66318550837471013,-0.051424860389298235,2
-0.48608616183225128,0.96062072591824377,0
0.79184716885137429,1.6224959064451865,0
0.69478193186080694,1.6994902535789662,2
2.0386521449413482,-0.069199993775581656,2
-0.52111472201360265,2.1132936226919545,2
1.0447400128979674,0.66708045783912651,0
0.64948341894720374,-0.55883503144115099,0
-0.37976850938799245,-1.1576210151037374,2
-0.28600797506414555,-0.26813802722561231,2
-1.9022601815827698,-0.062611506475550568,0
-0.6090426532508082,0.21970870062893888,2
0.80890861339068509,0.3607474228970145,2
2.9187592802337066,0.43382635070144293,0
-1.5581393595347086,2.5984451090340919,2
-0.97959238735320664,0.59932475129728624,2
0.89308438231338494,0.22418223409528498,2
0.35807171295192025,-0.65511900061191364,0
1.5584230563512076,-0.5533426893015676,2
-0.94917792589009198,-0.027599425903360609,0
-1.8719136740230493,0.072141493256078881,0
-0.038608470789101984,-0.95242759959217038,2
-0.48170812774072136,-0.011672267896754778,2
0.40534217333347572,-0.49604593847622958,0
-0.42683495782235992,0.766734146674663,2
-1.3489708973124457,-0.88958395791943756,2
-1.5450771430149686,-1.1750060602269239,2
-1.209007830561881,0.45011730618198725,0
-1.2121394368555047,-0.52472433512179051,2
-1.1004268319169308,0.22146253092578752,2
0.034314111243426475,-0.36083889316360279,2
0.24306581235296745,1.3797966405320918,2
1.4152125962302822,-0.024948833923850357,0
1.1488331924252217,2.1073427791871198,2
-0.067012355074891977,-0.065955850529923365,2
0.79682916726796216,-0.96444130857562904,0
-1.0029285968872372,0.014266348029744639,0
0.29114716971172649,0.16039729263841171,0
-1.1020645727311784,-0.58873530196854462,0
-1.0959646006315313,1.3098126729581996,2
-0.34091181518256547,-0.49045236842501144,0
0.9744169330494008,-0.51807933646653892,0
-1.6951848132689098,2.4059906608536838,0
-0.8441888384522247,0.55276242375554774,2
1.4252994733939346,0.16187566381946147,2
-0.35291285941979073,0.14842126237844477,2
-1.5600310309136751,-2.3985109327299208,0
0.24211181284313063,-0.031157380486489462,0
0.81688716880565526,-0.89815759617469537,2
-2.4160868549543504,2.2084059058831738,0
-0.91309681253413899,0.70788094585857675,2
0.79080389654175409,-2.2052798221429755,0
-0.22704189613990833,0.1302370563767403,2
-1.6880109548874509,1.2366841527491479,2
-1.1342300977338253,-1.1549561668815926,0
-1.1193483063235661,-1.1003350275690831,0
0.0022140602666674033,1.3601036480702002,0
0.47346851246763522,1.1235783845760621,2
1.4859739251998234,-0.36907936492257409,0
2.4182670306918248,2.879538852464687,2
-0.25925239321325982,-0.70619450174822185,2
0.53016408702799434,-0.80617128148839634,0
-0.40008317633781448,-0.85135317113278142,2
1.6845718561827507,0.80840372004933692,2
-0.25401832407570002,1.2351722922272026,2
0.16581861491229244,1.8556139281686093,2
0.6755832604456995,-0.28341201522822079,2
-0.64094852590866935,1.1086648102269097,2
-0.60956310699423932,-1.969091922441756,2
-0.44861215493349715,0.84114208000351687,2
-0.46143328270973516,-0.90688209516635254,0
-1.3674404341697941,-0.35686812720322181,2
0.28293345701445916,-0.70944804502764969,2
0.09916315407389717,-3.2071184832315325,2
-0.18794043315938172,-0.33898508771026747,0
-1.1824475948497792,-0.023188383129148133,0
0.74474154500949452,0.10877746598314401,0
1.2280004281332981,1.071437795313672,0
-1.3010436828366372,0.5861002807562935,2
-0.4716033234862021,0.43055697449506075,0
1.2613051423766295,-0.74809400578135554,0
1.0291201114810038,-0.71265273977440369,0
-0.38030300688825069,-0.83192575530267399,2
0.79821855708004952,0.90252104931011834,0
-1.3272907751015586,-2.1326451529397619,0
-2.79272946136307,1.1256378059393584,0
-0.4416315761426422,0.62870768641440034,0
0.28828961632392458,-2.2719826634888678,2
-0.64391896129891468,-1.1346115238035699,2
-1.1629623129863729,0.56311151976583673,2
-2.6559964286122093,0.9553182501852725,2
-0.89921166617528969,-1.6695899084160601,0
-0.43166278416486842,-2.5659113479760678,2
0.28231681604181208,0.59481451994947687,2
-0.85320208190488422,0.38552038251819765,2
0.56725296525024516,-0.52052701325698714,0
1.3189233597764327,0.42863845995175714,0
-0.19860531877575457,-0.29294958626615708,2
1.3084736802822123,-0.15339074421409835,0
0.43129518565920844,1.002854093479012,0
0.97105110866382738,0.83934161520646011,0
-1.8684688855573794,1.0326492590315337,0
-0.19161412855442383,0.47014178178086669,0
0.97373049173813198,-2.2028846380245461,2
0.19474540539217947,-0.26956887316876121,2
-1.7327510898816709,0.95898989046165528,0
0.64399991633229747,0.34152558584907405,2
0.58411532563110091,-0.97707670260893498,0
-0.45141005972517667,-1.0846520831827475,2
-1.1649119262127294,-0.35267528279227711,2
1.5104080168741865,0.33434083076000259,2
0.9627586781995936,-0.083362047380436469,0
0.33280922114388201,-0.47422443712634477,2
-0.54736607709730922,-0.090807697236705898,2
0.27499569400014529,-0.19081499359941917,2
0.090893115037114156,0.18043941948433082,0
1.0419350506198057,-0.42653538992458462,0
-0.2776625307730905,1.3382000915796179,2
0.70415017917751421,-0.52211171964213154,2
1.6101150973584566,0.043343473550695115,0
-0.32577194040107399,-0.47404115786934209,0
0.99017216897875859,-1.5789197921688209,2
1.0315896868831138,0.1005084594601062,2
0.41003762871517963,0.23116318642988151,0
-1.6178305585286843,-1.2655405330611549,2
-0.380714609856803,1.7397585489010714,2
-0.77620205997960257,-0.09115216694844791,2
2.6471790764179173,-0.39573423443755679,2
-1.9903950237196606,-0.39196256117143713,2
0.077492877253030432,-0.77046682285722878,0
0.4156339957258674,1.127891281557464,2
-0.77911273809892023,0.8162740818991735,2
-1.2732439322631388,0.30998704843519903,0
1.9682084677363012,-1.1603266436889839,0
0.54144409204756694,0.24775746920125113,2
0.17714758321010954,-1.0528172418938568,0
-0.21000280464385479,1.0006990401792679,2
0.59013616822736015,-2.0099528490862468,2
0.28617328069526049,-0.12647413556457554,0
1.062670540746298,-0.052654257604026942,2
-0.35198645595375466,0.13455020593800274,0
-0.42729674820075025,-1.7047210927080971,0
0.40784968947478534,-0.55703321154786301,0
1.0688384989803095,-0.421097362871935,2
-1.021811923463638,0.17974497892367941,0
0.66315703428557382,0.14734370093481813,0
1.27156684406706,0.75305708278030614,2
-1.0390339762392551,1.4750051432373386,0
3.6333382791248954,1.6580779623764152,0
-1.6330631075801247,0.73373916033411812,0
0.18800373500153564,1.0463081001789147,2
1.0952141590651279,-0.29920633073918634,0
0.72842129557348079,-1.1061041459406438,0
0.81552939435053495,-0.56252360749983876,2
0.58885965650465766,1.4396898146171704,2
0.30938245978250029,-0.32004595799381663,0
-1.2237388626814447,0.2784759262616987,2
-0.48939062535546263,0.0014879404548920445,0
0.7978392697954273,1.438720409828236,0
1.5091132166716308,-2.0570932893726934,0
0.33051459324581228,1.2055879878993097,2
-0.16956550538297716,-1.1152901279897209,2
-0.013772913871841312,0.48501109134184578,2
-0.78443548505961158,-1.8240655196933655,2
-0.63942577255136257,0.53324883376745225,0
0.23675135355781179,1.187634284775495,0
-0.28187058071422327,-0.60329258460296598,2
-0.24196447665523982,-0.023320971277085805,2
-0.11440189786102693,0.072539825215409012,0
-0.68247854316895928,-0.84368761549724547,2
-0.26775058627081744,0.80242240421742983,2
-0.35067268238060834,1.0102531021374417,2
0.51594308196900507,2.0403757767055999,0
0.51158315222401707,-0.14372514626955363,0
0.22477192980866614,0.96698413533660199,0
1.0440835939066777,-0.1884023277566268,2
0.39740234528359181,-0.74160639328864364,2
1.1146121901598147,1.1192744899008105,0
0.79928522962126647,-1.1589557123972598,0
-0.36041109945743732,0.026590719210715756,0
1.0363072671841167,-0.39239241635740829,0
-0.47110818020408218,-0.024661750241490143,0
-1.4217808369677187,-0.19299296919618852,2
2.1960798738160907,0.96588451311835832,2
-0.38317205238911894,-0.2251071860150192,0
-0.29245935944396673,0.23891931908819794,2
-0.55704703045199766,-1.0991730461252662,2
-0.19411108350618506,-0.70873529710487548,2
-0.22765644111834021,-0.45033627787997249,2
-0.40062175239292647,0.52179725056754767,2
1.9359978954230386,0.40015312509569745,0
0.52704486078063506,2.7690565895716257,0
-0.067218845019099444,-0.80762694137015878,2
-1.077552457960862,0.90115158572699716,0
-1.0211548451980543,1.3446738433122345,0
1.0070113094292521,0.4152585616300859,0
-0.50630385417899948,-1.0369697941053175,2
-0.14385368206319399,-0.02228126252004017,2
1.3302624709820734,-0.97782454275031283,0
0.76269768589995557,-0.40051784572490612,2
0.15769114165162446,1.2367976212616139,2
-0.23238632474676599,1.0603552121692956,0
0.90745555161470726,0.6061151055333277,2
2.0868757285971427,-0.51424267350401676,2
-1.9271665159425113,0.33862800412306554,0
-0.75476494352752643,-0.020822932772224512,2
0.30018060391961143,-1.025010190183216,0
0.9388157960042387,0.10740917296472599,0
1.1660523021034501,0.35094125515061547,0
-2.2605879842600936,1.7916507656498795,0
-0.57859840012560115,0.60780859569012735,2
0.73188190345155257,0.2591149550519779,2
0.35951791079848111,1.645691143317731,2
-1.1516023773384945,1.0449725157477889,2
0.90842344695108024,0.98700939436175206,0
0.00087874730895712381,0.84586021366295094,0
-0.1618753546991859,0.38840670121522536,2
-1.5821115143113709,0.74174896721292716,0
2.5758133798394476,1.28413678476315,0
-1.4657124170937017,-1.320959649909059,0
-0.91218683665701317,0.97531686532657735,0
-0.7758474163455148,0.54075454729723793,2
-1.8633156874052039,-0.75411032220058993,0
-0.825494839681708,-0.97442185950279969,0
0.73147062198704649,0.34889936905746693,0
-1.7386436747837499,0.71188222138089907,0
-0.038329008090657743,-0.48202363165373391,2
-0.19302790275792228,-0.36873994443441349,0
1.0654153970477296,-2.0473528349062589,0
0.62935788972307671,0.53840490220306891,0
-1.6398365360579592,-0.70669679388360918,2
1.3878345200155788,-0.03360682086163496,0
-1.5521286196943436,-0.45746393835834015,2
0.69874637017739372,0.37426518324739078,2
0.18917893718627735,0.029539530066916328,0
0.67876035227962717,-0.35008768460011847,0
-0.17280834228179151,-1.0028314820761328,0
2.0918159250382531,0.84223474491912453,0
-1.0960285300118036,-0.23057809053721073,2
-0.04265439205035336,-1.4188326149251385,0
0.11494882390044955,-0.5002790296832923,2
-0.12351111915661485,0.83754363850862401,0
-0.78491952002040377,0.63599915525545936,2
0.011000018208048752,0.95573869470745698,0
-1.0731531645191372,-1.3757923240041767,0
1.1924302768505013,-0.79560334867807325,2
0.81041255531192147,0.59944115988796765,2
-0.49551823996179639,-0.61722054839215945,0
0.80702754397786181,0.43342335949268379,0
0.3300436915277013,-0.037197476432213196,2
-0.11123497617396506,1.9126180742593977,0
-0.8227870790425178,-0.27013811051349979,0
0.14861804814891968,-0.32389744003407739,0
0.11073745900421114,-0.97321033314113869,2
-0.67914408726891418,1.6018081947473226,0
-0.074912004107037675,1.7878483302292119,2
1.5156174754343585,-1.7044085924203001,0
-0.3524250231040994,1.0224454002166481,0
-0.89943337705883419,0.093056312323504781,0
0.81370476691612104,-0.71676691435457007,2
0.93409241425979339,0.17487676159051238,2
-0.2242619545533385,0.30884950803162087,0
1.7477259909760368,-0.98423035455046903,0
2.5711231851807348,0.70874203165443761,2
-0.74690142790360936,-0.34065759087705727,0
0.46535471513517457,3.11793131900914,0
0.65445079547522311,0.3797143589705459,2
2.7401282850299462,-1.0913617643980702,0
-1.7952610747935496,0.021518772378993415,2
1.4859823211304408,-0.63962887357669362,0
-0.10546463316956667,-1.862990089475675,2
0.61175632164382265,2.0590146408635488,0
-1.218271054579942,-0.76023607537920879,0
-0.77651052240277485,1.0299660487693652,2
2.5915175346291428,2.4358468013401762,2
-0.58074033810369674,0.18181240704451773,0
0.10058827680446855,1.2802158546132227,2
-0.97552426689155114,1.8610876365324904,0
-2.3164550860727786,-1.265384311295471,2
-0.23358440990239096,1.7184616740500394,0
-0.79247981782091548,0.86442695536030845,0
0.062654190681720373,-0.47538632557203392,2
0.0010775374036756538,-0.5893665792504833,0
-0.92510471436503738,-0.76293343292559446,2
0.38277802248946075,-1.0784969736519854,0
0.42322735889491908,-0.52561754008063211,2
-0.52966534289724254,-0.44309154593679623,0
1.0118069671474244,0.52328844769518879,0
0.55148333583108511,0.34283755508312691,0
-1.0055683646692994,1.4269452858646552,2
-0.16506327038255134,-0.73722472287368557,0
-0.91541181530966509,-0.027771501456235085,2
0.019460299345206208,1.477862581435184,0
-1.1090781940748566,1.7628386565947245,2
0.18513701495032311,0.51759506925037935,2
-0.0051207620237784836,-1.4153236523048942,0
-0.35962095820060175,-0.84957239861415912,2
0.51189518208020846,-1.6209362885094167,2
2.2107233784933737,1.7725977941229947,2
-0.66033645000218488,0.20014370469287435,0
-0.042400283292585765,0.26685402572472022,0
-0.8698051624342874,-1.092952999495777,0
-0.4907854055756567,0.97098775266849668,0
1.7870127765374337,0.19979152826507782,0
1.5408807370190065,-0.45676488553908778,2
-1.474509372572814,1.3195745344484375,0
-1.1735385916455972,1.0551109475453904,0
-1.5811210444205841,0.79694369830251266,2
0.71091298527224656,1.0289211114504646,0
0.86363744633405548,-0.89283810149480058,2
0.66117280614741625,-0.95368199851630853,2
0.39431600088041657,-1.1813948477802874,2
-0.23312953786839394,1.037360668998496,2
-0.52730507791491177,0.79634685891755874,0
-0.58926266135394112,0.24015345349772033,0
2.0201665843066188,-0.6421453599503717,2
1.2255640503976808,0.63577175458718715,0
-1.0136791103691793,0.7935295722864677,2
-1.0686220892129192,-0.10053845566672066,0
1.5146214798033704,-0.71454314229452465,0
-0.59028002185945605,-1.0006828062830326,0
-0.32417035218707763,1.321475341473433,2
0.32727605511963692,0.96369259865830037,0
0.78327110471243433,-1.305409815818833,0
1.0972422288862305,0.74959940206635445,0
-0.068971452301244712,-0.012315317887355969,0
0.53389705926453523,-0.52741268304235334,0
0.17857281672121081,-1.1485094701811098,2
-0.64522553200285437,1.7619227323392403,0
0.78343442067254299,0.69108606707100839,2
-0.66903004217996731,0.27383304008700282,0
-0.93275203961542641,-0.2545077044035447,2
-0.092106366978917276,-0.88236304204592109,2
-0.31196155905708722,0.015372224141605549,0
0.72488166062414727,1.0548388070405368,2
-0.47484620638565012,0.47483944880341755,0
0.6564758455451617,-0.2372463400075763,0
0.24268097611107695,-1.3477828308294186,0
-0.6603098532826045,-1.1175560203122163,0
1.7617642902192203,2.3598533752461237,0
-2.3696370710219794,1.0318950390900465,2
-0.62720954573704535,-0.79232983096464815,0
0.42306585872852553,0.13002911902246669,0
-0.44418443344875247,0.19903580714740848,0
1.4092776976300678,0.83227647631838275,0
0.53251067787045858,-1.8016371602237335,2
0.289482409539079,0.35354986759357021,2
-1.0109580977020114,-0.64074004638107296,2
0.55988076057940328,-0.16860630726134149,2
0.9005066736078795,-0.33512653255952524,2
0.4899422777768086,1.5356276624837291,2
0.49810696051419878,-0.46160730128118904,0
-0.71259803649520392,0.60203161034148167,2
0.57752721449672639,-1.4295731618949816,2
-1.5121481278058722,0.43149030937039717,0
-2.0573335972724553,1.3796974748506308,2
1.2851832316485328,-1.2091244522561571,2
-1.2831577820484836,0.01024328403804726,0
-1.4561013660293731,1.2987982494065871,0
1.1823689432593227,1.462002599314894,2
-0.51206728193114848,-0.89866392744914492,2
-0.032036148718416771,-0.35139619238111253,2
-1.2152488277411584,-0.38571900942616549,2
0.16999670039195963,1.0104732443068083,0
-0.37320724954441076,1.4512592740675287,0
-0.042536497890664098,0.39641450439507031,2
-0.073432248218328139,0.023352229433193046,2
0.10860227808007934,0.091336527312193605,0
-0.78637623070016427,-0.51773710156921138,0
-0.4128703351322493,2.0558871957953082,2
0.60145581675909199,-2.0950041879193742,0
-0.084766446122601327,0.5096141517847691,0
-0.34647281786343015,-0.2329430494808285,0
-1.3670527917082096,-0.086077541043997063,2
-0.062446257612682493,-1.1338367645117113,0
0.12590592815085791,0.62489962082633954,2
1.4076970074386019,2.070093286592769,0
-0.19943877171579785,-0.073604742664051176,0
-0.25423512388224173,-0.65270571935421873,2
-1.0321818001139702,0.31592255267355268,0
-1.1029299855621906,-0.56704415968644528,2
-0.24337070473669903,-0.36232717341842158,0
0.43232970462849646,-0.1297442272463987,0
1.0771214817637427,0.044311016359208082,0
-0.23097987905533884,-0.74773463619255531,0
-0.36756341963041089,-0.22828247698156598,2
0.92281653330462454,-0.86485821527980955,0
2.2164286503574893,-0.831294225974189,2
0.61269740274395157,0.51710683384547873,0
-0.0063631917333844337,0.65914108356806911,2
-2.0758663315466728,0.55851110506359858,0
0.75295394291106488,-1.3013183226120935,0
-1.6040398546588479,0.42722584542458553,2
0.57439803462699857,-0.649481615901084,2
0.22692013637830788,0.99825740396840557,2
1.3086581372365698,-0.2394066885172621,2
-0.046461668730656006,1.3182005932416383,2
0.47559372443664122,1.2958496756368099,2
0.56900700447986718,-1.801845897727266,0
-1.4721959727039937,-1.0436237685899126,0
-0.52799469288732703,1.3310684706147402,0
1.395208079195102,-0.48797633864729401,0
0.55916429070817508,-0.48584614509539831,0
-0.3890260813533491,0.22852728461324517,0
1.4055722378543896,1.1691577083717015,0
-0.45950750241519117,-0.57739947985065576,0
1.3843042332219042,1.2428403356363307,2
0.4633519452674954,0.54238220919018931,0
-0.24597918123099707,-2.2083787840005238,0
-0.0027812592915923522,0.59186016488916038,2
-0.32987257035381973,2.6803909826789245,0
0.32722953525856074,1.0476465735732843,2
0.40062866905079042,0.79732189916012375,2
-0.43329232420814667,0.48945903272043356,0
-0.079089001208432277,-0.32802428220794305,0
-1.0736734780458217,-0.42705325023379559,2
1.2100318505148211,0.43788645512781282,2
0.88456131712629782,1.0079809256424401,2
-1.8037251007533828,-0.45971591588069327,0
-0.22943421239314438,-0.23118749191319046,0
1.4699121629066729,0.13919476283539106,0
1.1463486262461438,0.52195275430812982,2
-0.71743369153835224,0.46465144577303108,0
-0.74379812175660531,-1.0224368747753645,2
1.9149517034822914,1.2308053400703691,0
-0.23610378040675994,-0.18180070550114322,0
-0.54504588611743743,0.72339028733444222,0
0.90613256120336982,-0.84530029564242826,0
-0.015425235664325996,0.7573864974601443,0
-0.38772931133475647,1.4521359525752717,0
0.77140385343911966,-0.28084551908957056,2
-0.88035366328828946,-0.93820532744718166,2
-0.046567186084685762,2.0896124146724326,0
1.7964209254057537,-0.31897422000976761,0
-0.65590426675847802,-0.6020154939393294,0
-0.33168330255780393,0.23336955551139829,2
1.2058261509904753,-1.3416080869327616,0
0.81575342059551104,-0.029499381979971925,0
-0.62303454884961984,0.99401352320951653,2
-0.55130519202855011,-0.82935096508453199,0
1.7746183458330247,0.78835754516999146,2
-0.91558115869474832,0.55255525051687482,2
0.84655011725348461,1.4593937303165037,2
0.15953739163325636,-1.0136715551595927,2
1.9601297222472345,0.374365848750005,0
-1.2068464949882274,-0.032742450292964242,2
1.322049168362897,-0.85179645239316659,2
0.19069129195793161,1.2326496140524652,0
1.491262177892877,-2.289086194313612,0
0.6776570695515084,1.17876393588379,0
0.90284728647881107,-0.12729338342756791,2
0.17534312986885303,0.10198397438916677,0
-0.57977033101754594,-0.27933895226541844,0
-0.71323263362884881,-0.78597879959054051,2
0.69523610620141729,0.74907935202068843,0
-0.27777281165851553,0.87148678590501383,0
-0.38954877403078192,1.5375888003158027,2
0.058379069110106499,1.2464944705522871,0
-0.14854559480862664,-0.77636957504137771,0
-0.19972794169137409,1.8925910525334895,0
-0.2181644620226284,-1.0194570980463196,2
-0.61543791434473516,-0.78379677625103916,2
-0.60175938118790495,-0.059909570175782509,0
-1.0573464516940236,0.05872237782791892,0
-0.56939557625041493,0.68546792349276531,2
0.53332093887658594,0.21637299154472708,0
-0.44826362523445967,-1.315149889627421,2
0.44737279409638087,2.4667026167786408,0
-0.63074678581206367,-0.51381947474348011,0
1.138022574140193,1.3997062483734506,2
-1.3104714503496346,-0.52808028408818863,2
-0.37151558897705644,-0.12646916168408712,0
-0.49621379802341209,0.052738814802908596,0
0.36866282357399438,1.5055097367851653,0
-0.28129813648486524,-0.68143801477564514,2
-0.16173468491743934,-0.33285510435110993,2
1.8149828905535965,0.015577525331060323,0
0.8555328892817331,0.18559510634992926,2
-1.3380875696689507,-0.89746259624195279,0
-1.1330811832260039,0.35356432813137023,0
-2.4529028175719145,0.51540419642506241,0
0.51823696406372677,0.3329406369160684,0
-1.765297264356646,0.035907946589509326,0
-2.5258655167909576,-0.099291016847105437,2
-1.2815546007167575,-0.15676121848886471,0
-1.2774439854039419,0.75749865455037557,2
-1.4947835860434846,0.16966829870856595,2
-0.40566106538904484,0.79177275667277347,0
-0.67683538853897529,-1.1789062101121728,2
-0.29535651564088927,-0.7136452304476163,2
-1.1730401501261971,-0.21057606569768667,2
-3.4341694126683464,-1.2445835375368053,2
-0.87529543818238031,-0.085993565360500485,2
-0.14682255870006347,0.18261226936121425,2
-1.3938757433576701,-0.64097518871453529,2
-0.26206918805332502,-1.1266993542910697,2
-0.2722887771862168,-0.73329959964658209,2
0.96401353224198805,-0.71844570254919449,0
-0.97002794094557609,-0.34261915057016945,2
-0.39228061635144584,1.3967992445722772,2
0.16527788833734275,0.16105378949747592,0
1.690846128119416,-1.1233159317306487,0
0.70503757078520013,-0.23186187926866714,0
1.2748327125735095,1.0805732796084757,2
-1.618164814229988,2.1789808553854386,0
-0.88406546223611882,-0.73941212728043815,0
-0.07414703958658507,0.58367219094977318,0
-0.2747820016043333,0.043268460926865461,2
1.4906958655275895,-0.5336508865327253,0
1.164676658047374,-1.5539157159473722,0
-1.1983803393353984,-1.5213252468601097,2
1.140384784473349,-0.12475116197739683,0
-0.83927015387763038,-1.5761727888179402,2
-1.0394004358195446,0.17374515661848561,0
-0.4971945819410426,-0.57994588587669527,2
-1.7615158219530487,-1.2217734557378221,2
0.93062530552058675,0.48361990027410684,0
1.1886717778738958,-0.69377305124158395,0
1.4607867815542415,0.11627346549494424,0
-0.56860878124625924,0.27210380873793233,0
1.5846813390345469,-0.50681937977780001,2
1.483429708108323,-0.92690857318442132,2
-0.35461466957319226,-0.67858644039888794,2
-0.66285633154427737,-0.97810898183013884,0
-0.41391951958429751,1.5073887410882092,0
1.0614706398918883,0.24494798104158388,0
1.3087217943256721,0.32652430278401468,2
-1.3981015647641484,-1.0289804886849894,0
0.03746236560917552,1.0027271214883915,0
-0.63510856922134051,0.11849329532455274,0
0.10712069369498552,-0.0036836034465820133,2
0.14623028315850928,-0.69898384261859647,2
0.18789368135019324,-0.33113036412118518,2
-0.47670733352830652,0.31398297179764856,0
-0.94144976846392536,-1.267421129624563,2
-0.05345113612979973,-0.18607884430579358,0
-0.87068272001944158,-1.5481188091621907,2
-0.88325819253451809,0.69749979076742707,0
-0.031208845668001917,-1.7671437985854892,0
-0.4808729284775452,-0.60616178851085456,0
-1.1429934888625675,-0.75420073628243756,0
-0.8267195882074263,0.035778168806590273,2
0.39015244780342218,1.0007961797606175,2
0.057710404097174685,-0.63451170544176516,0
1.0507838104561202,-0.089816605645470365,0
-1.3672485153362446,-0.10398989936951281,0
-0.03056958696559077,1.1549247904589894,0
-0.026986555737910638,0.39209861846590033,2
-0.82224248413651213,-0.61055201320934094,0
1.2398271824934557,-1.1395079276869302,2
0.63222532656911534,-1.0150743854000754,0
1.7799449292118339,1.1627124797618076,2
-0.64699436268693378,0.3824320960245397,0
-0.51806112997380072,0.40557953598254681,0
-1.5856091275803346,1.2239832420632559,0
1.6329407230605077,-1.7308607634156949,0
0.48828259941175567,-1.0019011194507943,2
-1.3960170268104171,2.2589367826873255,2
2.4384849743754056,0.93444506336204547,2
0.070498341567483816,1.5099845895119801,0
1.0403765024148823,-1.4983479310458725,0
0.85582018219703282,-1.2462374337267177,2
-0.96707177934053135,0.77825117560371182,2
-0.61747922784424236,1.9350465838218422,0
0.16825407160543537,0.86812449260908064,2
0.090960046798820041,-1.6031956372209779,0
-0.65787165211609444,-0.45873612023120175,2
0.60128431547592542,-0.43634822413774699,2
1.672917641714786,-1.643346894898156,2
-0.26911811785833728,-0.76774437925792671,2
0.54616271644917125,-0.96309241118255939,2
-0.50573065635262215,-0.10029223368304802,2
-1.5361279383344035,-1.4925276219556507,0
0.28763542602134912,0.84867375149411994,2
-0.841037428701923,0.59854295827156967,0
0.025373310344587365,1.723245230716842,2
0.19126165190106439,0.27268063203053594,0
-1.3314994204142201,1.7186251736655322,0
1.0012161404643312,0.48175544435791201,2
-1.2087160977543225,1.7277821594806435,0
1.3816708693355255,2.3480737762596662,0
1.1927401178852026,-0.67598845980866673,0
-1.7513300494808555,3.7861676476676092,2
0.47649569785483048,-1.9680477326327632,2
1.5546559109682474,1.8244630752522211,0
-0.54895838593950774,-0.20224593360648022,0
0.56023770004339091,0.19684656729168853,0
2.8607257184243999,-1.5634720901319101,2
-2.2532901279398496,-0.99288165255787486,0
-0.01222526257292013,1.1728414081901615,0
-0.22191650840405699,-0.13135719867707857,2
1.6809726062669414,0.57246314260604581,0
-1.5424231768778622,-1.3817831524785615,2
-0.53261577578317432,-0.20483670023607689,0
0.1041274344542464,0.89310891053616204,2
0.51730146967192281,-0.94301761729120404,2
0.25761311402950471,-0.8718841140387823,0
-0.038718238856524104,-0.011044885713759407,2
-0.80013862991937257,-0.22131381825572863,2
0.22291950240294689,0.75937893646436605,2
-1.8629548377314888,1.1916065299789735,0
-0.28547374590690233,-1.1702457614798634,2
-0.82524965692687458,-1.5019417001284401,0
-0.2279179735940832,2.2378248114110928,0
-0.34187922508657753,-1.2168715345020777,0
0.46934458459693101,1.0390563925830001,2
1.0742791904125222,-0.65039571345447866,2
-0.84973830228817115,0.38513233045186646,0
-3.1119503150641736,0.95106368083516857,0
2.0398452759986325,-1.6883303089946649,0
0.9207966768857625,-1.2763372874341032,0
-1.1873458372921597,-0.036334493071990576,2
-0.063289260799513053,-1.2890607017965332,2
-0.44609187808005851,0.91256931599880609,2
-1.0659346451258271,1.3448063411805018,2
1.3322475477325122,0.34916558652671725,0
-1.0747446648027319,-1.5659090354742349,0
0.91755134607022371,0.60554113175764923,2
-0.81185384050539489,-1.293549267335995,0
-0.44936588146901457,1.6188706450351489,0
0.32959326574624942,-0.8125780529056037,0
-1.5650837192258844,0.23718233700470148,2
1.9103855706683408,-0.46953536597925311,0
-0.026543679530686346,-0.54855992249712404,0
-0.84137317526861966,1.4145704154162051,2
-0.86765358167636075,-0.84096367092634616,2
1.9302701794718866,-0.44626162166260314,2
1.1589284017468717,0.76508226626700437,0
-0.40119166755123031,0.59246819430342557,2
0.23291602942252929,-0.57145976252195807,0
1.4179536919366165,0.60528071314446574,0
-0.2301220391211041,1.5335704089124933,0
-0.094840975060519583,-0.32215217991109329,0
1.0428412779363696,0.37023842867333978,0
0.57685228009099931,-1.2360401226796214,2
1.1072361297296305,0.84341969535520078,2
0.9378997305153689,-0.88849935154478754,0
0.63447684912367719,-0.24784271568968733,2
0.71800798413477995,0.46771026714800362,0
0.54242967916017526,-0.76079421067773678,2
-1.9041986887182867,0.17506306540483041,0
-0.074558194716500659,0.97279160792230113,0
0.33282784682725214,0.9914792928245334,0
1.1751844302103083,-0.26276756402423956,0
0.24173264277571266,1.8580208221250056,2
1.2209336765549661,0.94247446233789933,2
1.3526579769232698,-2.9859807275619894,2
-0.44609047603329699,-1.0077795336472812,0
0.54170115777946592,-0.24274965896929615,2
0.66260900716554727,-0.9021419045164154,2
0.026116442498830352,1.848493015120471,0
0.38376583561465555,-0.55315704047090686,2
0.82388278404479309,0.0035483422431684675,0
0.50551605212384576,0.22876787233838985,0
-1.4538706031698745,-2.6289570520345169,2
0.20954689893072406,-1.3819906378104045,0
0.58126394769241518,-0.36133350338165326,2
-0.6679453985380448,0.55301115066159157,2
-0.37245357431686166,-0.48732556118623072,0
0.33863510815768944,0.93087679129131407,2
-0.64512591894946891,-1.089736828021814,0
-0.94049534608915542,-0.80665272429074253,0
0.059786442276281056,-0.56760225005795206,0
1.0413362805262041,0.14610671864082891,2
1.1283385250188407,0.46812229370863556,2
1.6150234674965718,-0.28161313398771337,0
1.4280596271393777,0.021923956487550179,2
0.41934164077354624,1.0151949186534901,0
-0.26258202920658735,-0.52371353656088726,0
0.074673827641027743,-0.60650208758716229,0
0.33664155164742077,1.1078702499057895,2
-0.52021958413212888,-0.26733264266344342,0
0.21964753199666032,-0.34735636169426515,0
0.9424422483798689,0.26799753239970969,2
-1.0876342214400452,0.60668919663731036,0
1.1625979199275913,0.063811356548207424,0
1.343987390950115,2.016109320155965,2
-0.51350868810598949,-0.84806140237098948,2
0.26059595241452005,1.3460433437606147,2
0.20003775209087701,0.82450430829398469,2
0.11363085351077339,1.1271039665396252,0
-0.34303842853082117,1.4055886217426432,2
1.1566784813333195,1.6796668373306078,0
-0.98805435689850185,-0.68445860670798375,0
-1.2579888852760752,0.85597804843108127,2
1.2384768287077677,1.2348604049831764,2
-0.31355193620381683,0.14600883021987657,0
0.91479487660177028,0.33429473650185709,0
-0.538937055203354,-0.62998401707119933,0
0.99332937301595481,0.61400919405517251,0
0.67987216804687067,1.3475554769206848,0
0.32281931654802676,-0.36059972175237581,0
-0.43943014604517089,-0.85345964141844821,2
-1.0468836838396651,1.4458296259946384,0
-0.99371290207160601,-0.66943525112639823,2
-0.92936970636643357,-2.3226654067503274,2
0.082345693701319292,-1.6800010642696706,2
-1.4084628772754477,0.91924140482640704,2
0.83741583715711465,1.497722716385296,2
-1.5500980423226833,-0.025048065672972446,2
-0.09276756065426689,-0.89666952310472536,2
0.074978887410429282,0.70012976873824417,2
0.032101706437499475,0.5836179014366274,2
-0.074215272272891111,-0.78375388283987057,0
1.2301173826617493,-0.45686217010705416,2
-0.71183267323013433,1.0863826604615117,2
0.37814675023700595,0.90650936050428832,2
-0.24277259828899422,-0.34202612728642601,2
0.87287321838306886,-0.69107586465027959,0
-1.115905702809451,0.43788790748085804,2
1.1717013786323087,1.7476504118286706,0
-1.0642446576324311,0.07823857441428983,2
-1.1244444434648517,0.66816958770633894,0
0.36482017294710517,1.1769589293857194,2
0.52610956033036582,0.51782005200440695,2
0.19484676852380287,1.1724533500606635,2
1.4197379079627948,-1.4389812565406235,2
0.10176748311744462,-0.017046378242912868,0
-0.48968409534675161,1.833797952904856,0
0.057660786796671172,0.51832695184502708,0
0.55592324358059308,0.53169986141907821,0
-1.108131196038489,-0.57388442901183667,0
0.63972222033471815,0.50818429355595018,0
0.549292089376199,0.71496259688422981,0
-0.30318596489582422,0.90348581394361505,0
0.40370990581370342,-1.057794027434962,2
-0.89827205067928795,0.16915762014287394,2
-0.80420895093047029,-0.029628901284734093,0
-0.93634096121870192,-1.0793741408480846,2
-1.5472504457780827,-3.05210345927029,0
0.85515441601570052,-1.0566705640035168,2
-0.82859411322289889,0.88589432139464841,2
-0.67199035281113206,0.43016207379812488,0
0.072834872229491365,-0.28193002191189331,0
-0.049540574649353075,-0.13773087264342565,2
-0.40593449445974006,1.478782190301021,0
-1.0243254510876099,-0.51447729869552006,2
1.826180613280346,0.78582992864653078,0
-1.2585545194330408,-0.6547872676460863,0
0.34848460886469712,0.99643459402924439,2
0.80945629179065859,0.59867284743492666,2
1.8514318889727301,-1.3877089859863987,2
-0.22848172536286487,1.355384369162461,0
-0.03337899510102621,-1.1488904774890256,2
1.4124762326349232,0.72857084491818946,2
-0.4223756194128509,-0.6255392690594771,2
-1.1541304311757115,-1.3279710227836126,0
0.39614331556942056,-1.6582380365301372,2
0.86233185768071219,0.55490678879409683,2
-1.2819358090896702,-0.74880380065567886,0
-2.5626815002579528,0.30032069176804449,2
0.86700978933021278,0.75885527573057954,2
0.19373233534696413,-3.3296090021631337,0
-0.35643275926529228,0.48100147471591825,0
-0.21299088272205363,-1.5186128811691042,2
2.3518919630764201,0.33005045133622657,0
-1.0244511335706821,-0.37666014639135648,0
-0.63980452051843195,-1.4784508445320736,0
2.2474703989282179,1.2666157044197184,0
0.70232323788193329,0.56738157578036652,0
-1.1107265337436414,-0.10722955525459361,0
0.19909664262765872,2.4003446668753585,0
-1.8487161821808096,0.37936927388991687,0
1.0382388840767578,0.28629309100120626,2
0.051293557607151229,1.1262798716449698,2
1.6866550875982129,0.062909640285513657,0
1.240624776119188,-1.8396361826753702,2
-0.11601176516433044,-1.7833523579081045,2
-1.259293442656533,-0.34109103647685879,2
1.1502833056777064,0.042869055489744186,2
-1.001589046141018,-1.1153905367106174,2
-0.58206194421144319,-1.8954472145088106,2
-0.73678181371274232,-0.65549149170009091,0
-0.52792704164133875,-0.94886614257542157,0
-1.5682701735283773,0.98118092698539372,0
-0.76999226947873667,-0.11023443052284472,0
1.2779914739665634,-0.5687436651885035,0
0.070217819232668538,-0.74254488409409281,0
-1.5210806885971255,-1.1520225704688509,2
-1.258287658069642,-1.6821453858305622,0
-0.26529290900055247,-1.9126311259892972,0
-0.97561175295262803,0.39011402509580501,2
1.2440386248124102,-0.0032707467104362499,2
0.36792444425567844,-0.38982685828312036,0
-0.56103781257872998,0.46579949071940202,0
-0.53425238585605428,-0.47873963482969006,2
0.59960587112648733,-0.9527008897556104,0
2.066180526070057,2.5122509066483114,2
0.26309696249099968,1.9850599087477638,2
-0.19100767192150223,-1.9909207489316894,0
0.98877778678008998,0.26327282231225474,2
-0.23498525402981726,2.4643990741269564,0
-0.59359973001922173,1.2063854963750478,2
-0.55796403609480005,0.58296490355781772,2
-0.45037139472004722,-0.61185142602209919,2
-1.4871503526619878,-0.0013034724052012126,2
-1.1775439435101069,-0.32533104788926598,2
0.48376265608642388,1.4863142101000395,0
-0.34237709302639346,-0.11511832499425488,0
-0.55716375230071302,-0.52346700892517251,2
-0.051140390498889118,-0.96484321259744665,2
0.58965639045344553,-1.4842766975462307,2
0.85843233797057272,-1.4435687443566716,0
0.09943860839377798,1.0467256981576867,2
0.72468512209455516,-0.040549291486129846,0
-1.3872676477070593,-0.39782760848121035,2
-1.8205795527811894,-0.16279208338426551,2
0.64693054698007013,0.96635540026562017,2
1.3306470537933404,1.0238739030582291,2
1.4268202567324184,-0.18543481190829922,0
-1.1539495549934946,0.042307215721556178,0
-0.28152455183107794,0.77527706855983369,0
-3.495925447582489,-0.77130054463299969,2
0.97063124851587457,1.4282554464210961,2
1.6412652622589887,-0.5217501790195771,2
-0.44092579088187722,-0.74393756172692849,2
-1.0661816980557526,-0.97423748512752706,2
0.90371036212801348,-0.055669974466460201,2
0.3611803652542972,-1.0531292718096767,0
-0.0098031155050492032,0.34136956524729112,0
-1.191531001642804,-1.0908358715005884,2
0.89479223302310351,-0.11254049176532209,2
-0.22376766018459196,0.034259011839918217,0
-1.7904681410803893,-1.1216660867122075,0
2.0921330807304024,0.15246590922055653,2
-0.48923928953517121,-0.20146928333393235,0
0.64500957884155952,0.73470442036671479,0
0.54512204124555985,0.23466839760037495,2
-0.60423816494806493,-0.0098960602909242638,0
0.31100532376769702,-0.51200206008680516,0
1.0607049792300951,0.058632090995831554,0
1.0141865024808576,-0.48977090897123682,2
-0.73046428269073749,0.53470105407878221,0
-1.3683363555317305,0.19414387629394719,2
0.13888308830175933,1.5865613831279419,2
-0.45810064595762662,-1.2483190617244093,2
0.84469787762042781,0.13694624651807022,0
0.65210973069549982,-1.1589335625824393,0
1.6294011881678272,1.4556853705145392,2
-0.086830902694304338,1.7133160673689944,0
-0.41207861888561576,0.32907238680191525,2
-0.28884477916158624,-0.21881929492018773,0
-0.18014108099271037,1.1237240069183536,0
-1.4341474103852647,0.54737574865919658,2
-0.037656589013422274,0.057252786463813508,2
0.36593809089414231,-0.19467524632950309,2
0.015191417206416338,-1.0561210386664865,0
0.029355822711807904,-0.29505998728180349,0
-0.60099814175973287,-0.30314014249432281,2
0.18937396437334514,-0.76077625715206476,2
0.67108451346793574,-0.39373951156614601,0
-1.838745472677491,-0.8911507668041655,2
-1.4705084757641076,2.0234047425439723,0
0.8551959392043631,1.6545459758799312,2
-1.0450041305887683,1.2763611875589462,2
-0.34322763815435703,0.63558135574610863,0
-0.55906126215784513,-3.7540025557563053,2
-0.85765462005890214,0.82284651170140066,0
1.7851607199499968,-0.19254434105745441,0
1.1279005733113552,-1.0514120191318932,0
0.70179351188374617,-0.09371103629912024,0
0.049605313831219369,1.5700605807588859,2
1.8189126048572459,-0.013800300675480737,0
0.93993666505043527,0.62399808650612709,2
-0.18407063592279349,-0.61878427796754321,2
0.60143051835673544,-0.39165920683840283,2
-0.029112831474808146,0.69813134723622183,0
-0.64305824083971042,-0.17148756527393441,0
-0.76582622075425921,-1.8757863930144414,2
-0.62037434544407333,-0.42165999929019593,2
0.0060347217719619465,-0.97843301412177841,0
-0.27360286967019098,-0.7463190957200998,2
-1.6129016009285817,2.731210167437581,0
-0.93880593935494328,-0.96860950322191708,0
-0.53626896900997234,0.7866886274189,2
0.6764177482589615,-0.60366239877956951,0
0.75762002267555728,-0.68302901502605562,2
1.2425028925649517,-0.80976315388896691,2
-1.7804995555207459,-0.69409077919477979,2
2.1907736985271571,0.34240812145440286,2
0.38161122960831623,-0.51815797491711102,0
0.40509812344771406,-2.0015447501634882,2
1.0419997599939366,-0.87622568889059116,2
1.4232836898528514,-1.3016251546335786,0
-1.1859825558118122,0.70254553922345486,2
-0.14946969018175918,0.28891409749927416,0
-1.1452613086587908,-0.070361567200638936,2
-1.1854779032559224,-0.051084025491677808,0
0.5249773721858142,-2.2702069445644453,0
0.10864156517042145,-1.1616512227088418,2
0.67293793867247031,-0.1844282253459536,0
-0.90272531656448896,0.15434331242842372,0
-2.3565692703366357,1.9122139010652648,2
-0.29744362341302799,-0.47466093488010536,0
0.68203105249356788,-1.0841479345087759,0
-0.28232668443237069,0.59554773781622905,2
-0.58480852883144774,0.7704275074510204,0
0.51253723885917424,-1.2751787456133161,2
-0.090770827668692142,0.85349915563581968,0
0.94720238901770182,2.0985223120666348,2
0.80372138418685246,0.14163860901892508,0
0.80851609843778072,-0.50388555641003741,2
-0.85102703504324329,-0.58643133147255955,0
0.87969442416910304,0.08672926874202383,0
-0.75821862158528719,0.42018304171027115,0
-0.55865965489558855,0.02064856167545959,0
0.4065030700875254,-0.76387731598152719,2
1.1583620877453529,-0.52723834330656205,0
0.014166441277662308,0.39216622762207143,0
-0.47660075981646477,-0.75483390412627183,0
-0.09974121961744889,-0.92275796618963324,0
-0.99773502499097821,0.9670524301338328,2
-0.46893690452856823,0.73308846360822122,2
-0.79215507172222677,-1.7332725108603968,0
-1.7874420457682623,-0.74748061176250702,2
0.20557491860110366,1.0834850110547742,2
1.3642578459746677,0.075033174447336329,2
0.26592287513661156,-0.092017294470215394,0
-0.014981894117645318,0.10160346595700272,2
-1.5380740452519204,0.068827939982646108,2
2.1965426415664084,-0.15337191323894378,0
1.5311382581867408,1.179733723299925,0
0.030820941490108101,-0.48035684145303775,2
1.0669030426160195,-1.1808325216567293,0
0.81787909687655524,-1.4969987998024088,0
1.6043868207368417,0.1083432948999862,0
1.1924061471224183,-0.91049695578412104,2
-0.39056775974004732,-0.97434537520146614,0
-1.3003686203048206,-0.79827298103053124,2
-1.7866864530577271,2.5465965814756619,0
-0.052427956518237451,-1.4842951904485229,2
0.76972280354259037,1.0521259255905282,2
0.091528775451009084,-0.19828596217023384,0
-0.88549150925687548,0.54110721546540275,2
-1.4686084087882396,1.1923332504358666,0
-2.0433790790505886,0.92865233075178921,0
-0.74489949755078644,-0.31263852048832386,0
-0.8334969162494269,-0.71879403423916832,2
-0.63002258233799602,-1.0092222405498525,2
0.77093904954394465,1.1841216166432793,0
-0.0068509731920736372,-0.73122240991747744,2
1.1980066388512969,-1.1500981709055391,0
1.5418183366267963,0.58360287923426613,0
-0.48495102830010367,1.3498443158422344,2
1.1578823377820981,-0.59416457893326813,0
-0.32879216715662329,0.43878164454025909,0
0.21025192160271028,-1.2104416119237411,2
1.0163503763307227,-0.83457679735743473,2
0.20428530121751345,0.575033344531097,2
-1.7736480913224393,0.21512053671426365,0
-0.0054474194904881711,-0.25458997047375409,0
0.056243765759949521,0.0047723991341506395,2
2.8796758990076516,-1.0226659779969236,2
-0.83617734519063081,0.22214342718624586,0
-0.55596840588860486,2.9024146694949189,2
-0.77854381119757998,-0.93641273791119473,0
1.5098964966227457,0.68819416387199128,0
-1.0500184354663107,-0.38877958211110508,2
-2.0291350385934752,-1.2283235006691435,2
0.69307212402866702,1.0705581007400431,2
1.156836842646658,0.27496518176505447,0
1.088851009587509,0.061260978475787854,2
-0.18433747426904523,1.0803988666317876,0
0.58937533519557705,0.69200327238886672,0
1.1290141761707602,-2.0568296928117666,0
0.084773579564632009,-0.34486141327998765,2
0.90648231401591639,0.33359545029016585,2
1.1269516227804424,-0.57184599279272108,2
-0.20676940963390197,-0.79321428113311865,0
-0.32617896297241994,-1.4666688340055476,2
0.64858625911491308,0.7929704227383686,2
1.4346514935639214,0.41985981709188469,2
-0.3614838255250365,-1.2736064363169053,2
1.4555124163359838,1.8233364201001592,0
-1.1148530174932831,0.018153520122089765,2
-1.3879183723069923,-1.2845484444456365,2
0.6338991048392244,0.40371996985746844,0
0.028809694590942271,-0.74787254183430807,2
-1.5263877141938336,1.9307132225285601,2
-0.92005625052618456,-0.37180519297330333,0
1.3269069742616109,1.1959676382566553,0
-0.45049926833552351,-0.10765660316615205,2
-0.38619010015647681,-0.96918252687139073,0
0.29989963867038366,-0.44855088243959307,0
0.045386277656987321,0.47315036926959125,0
0.53306535853250026,-2.0729313688983502,2
-0.69807585643549541,0.84200500980523363,2
-0.2984099437356631,-0.14345336773366787,0
-0.10895541466012232,0.88021308215222649,2
1.1979202456656595,0.8384381797648911,0
1.0160726010783361,0.22193432125853338,2
1.1157633127807769,-0.53175039785562428,0
-0.71221314409987169,0.19916461366908689,2
0.054585763146027172,0.65775308292365731,0
0.85682812496297089,0.034173758542245192,0
-0.20577954957460687,0.6655390632031174,2
1.0314151712338526,0.097440297610324092,2
-0.45994783487495167,-1.7129845512699107,2
0.71109492526188955,-0.049594604324375839,2
0.86919358302216443,-1.31742365874426,0
-0.93746224877917739,-1.3658904975790414,2
-2.5957658311445595,-0.016878813400009157,2
0.22668405723246782,0.65775830313646011,0
1.1995374005577866,-0.41553353508179647,0
1.6221635193843855,0.052684846302011056,0
-0.34659802867838624,-0.36243382098535798,0
1.2473288750268856,-1.1905051510030138,2
0.82431894798602712,-0.21217101792634138,2
-0.39549282376833661,-0.096440836045831271,2
0.54441418222906479,1.2698353736644374,2
0.29854584366975678,-0.62829823138145935,0
-1.2446361936919597,-0.68365102344164519,2
-1.7694718114783237,0.75775221845743612,2
-1.8928458507180181,-1.2647071673978023,2
-1.7253457356300763,1.1163627807295244,2
0.26507827457875499,-0.24855236807995332,2
-0.038474099629389732,0.95284220536968356,0
-0.61109151808193518,0.77822236250506227,0
-0.36408602922013594,-0.052988813119766075,2
0.32374120001917051,1.5810274855269792,0
-1.8828716803373435,1.5632491809706253,2
0.12385754299654438,-1.1760486449674969,2
-1.9156165043750557,-0.83022727227188542,2
-1.3026939998366183,-2.1906309422226746,0
-0.70883194866262789,0.15050305694078081,2
0.10257530257606394,-0.30863818202341198,0
-0.39926065203252431,-1.1701091927246334,0
-1.0262662181886744,-0.28893603117862654,0
0.15013936581521997,2.3128900403560282,0
-1.7404733013373079,-0.050846398173354762,2
1.6373195124771363,-0.23615479082158389,0
0.89621146870044333,-0.57742690409242337,2
-0.037156668663276562,0.15056644476818595,2
0.56412760083455926,0.33071317292444025,0
0.011447237039560897,0.21437783260565865,2
1.3105405979889324,1.0369537380991916,0
-1.5687380063234309,-0.2397625435052175,0
-1.0114445943304506,-0.55207459014978688,0
0.0044533741311682893,0.19207401540735072,0
0.34079174596419542,-0.72494292075418143,0
0.029321537577732985,-1.2558930826747117,0
1.2799620754969021,-0.12217912739029466,2
-0.44123614390167909,2.1899715674907303,2
-1.3787584210437653,-1.7166613286588661,0
-0.056508639997725478,-0.93490115245022287,0
1.3626779894961731,-0.60464228604104187,2
0.00084283272763104207,1.7344671793448212,0
-1.7281304702486135,-0.6962333425980497,2
1.466736203774984,-2.5084215395939031,2
-0.13312321098548979,0.11791911518385949,2
0.28149910602513872,-1.2774830646255182,0
0.74279198208514208,-0.81595775063306253,0
0.40628238104793218,1.100890146286492,0
1.0533812091446046,-0.68431692544924816,0
-0.69229185222751466,-1.2323705845487385,0
0.69150940676037587,-0.74489989609851659,2
-0.18715698475138076,-0.86616026006634095,2
-0.010905774091340309,-2.0885276498725518,0
0.65923047667683088,-0.12326930010503308,0
-0.24601412431141287,-1.0466670892600589,2
1.6618328068484176,-1.161410413284137,2
0.97892508171686021,-0.1013700490098805,0
1.0479126465742021,0.38749940508892378,2
-0.45392456919734087,0.035791323880272598,2
0.61332450418174811,1.46989291855589,0
0.80036465753023767,-0.11918591505368722,2
0.36075258409425626,1.080256486155341,0
-0.59187637940627968,1.1206707754696197,2
0.98273768720183108,1.6017585383998294,2
-0.59746334745052077,1.569104063400764,2
0.32152711177139665,-0.79091532604734893,2
-0.1709169059147779,-0.76922543565096868,2
-1.1096116016319679,1.3509688701844149,0
0.68351162886262473,-2.186525674449225,0
-2.2226420494935937,0.039035588271883623,2
0.94200434785976039,1.3058296362700357,0
-0.53128594591250233,-0.96119232529378196,0
1.1833658824695619,-1.2868932506771837,0
0.62980842692702699,-3.0776318969585295,2
0.018248147308631828,0.39175300737988167,2
0.47461697441020551,-0.39464554590896134,0
1.4556501851618759,2.1366224233616902,0
